Cost Center Group,Cost Center Sub Group, Cost Center Code , Opening Budget , Board Approved Budget ,Apr-24,May-24
Routine Maintenance Exp.,Agency Cost- Contract, Agency Cost- Contract ,11608992 ,11608992 ,5804496 ,5804496 
Routine Maintenance Exp.,Revision in Minimum Wages-RM, Revision in Minimum Wages-RM ,190733 ,190733 ,95366 ,95366 
Routine Maintenance Exp.,BBD and BI Test, BBD and BI Test ,133333 ,133333 ,66667 ,66667 
Routine Maintenance Exp.,Repair of Public Utilities, Repair of Public Utilities ,41667 ,41667 ,20833 ,20833 
Routine Maintenance Exp.,Repair Works Civil, Repair Works Civil ,833333 ,833333 ,416667 ,416667 
Routine Maintenance Exp.,Signage and Signboards for Stores, Signage and Signboards for Stores ,1350000 ,1350000 ,1350000 ,0 
Routine Maintenance Exp.,Retroreflection/NSV-(a) Raod Marking Repairing Cost, Retroreflection/NSV-(a) Raod Marking Repairing Cost ,1257667 ,1257667 ,628833 ,628833 
Routine Maintenance Exp.,Plantation Cost, Plantation Cost ,50000 ,50000 ,25000 ,25000 
Routine Maintenance Exp.,Videography Vigilence/ Traffc Surveys, Videography Vigilence/ Traffc Surveys ,8333 ,8333 ,4167 ,4167 
Routine Maintenance Exp.,Kerb Painting-Missing, Kerb Painting-Missing ,444084 ,444084 ,222042 ,222042 
Toll & Route Exp.,Incident Management Manpower (BD)- Agency Cost, Incident Management Manpower (BD)- Agency Cost ,5405637 ,5405637 ,2702818 ,2702818 
Toll & Route Exp.,Incident Management Manpower (BD) - Minimum Wages Revision, Incident Management Manpower (BD) - Minimum Wages Revision ,216225 ,216225 ,108113 ,108113 
Toll & Route Exp.,Security Cost - Agency Cost, Security Cost - Agency Cost ,1468444 ,1468444 ,734222 ,734222 
Toll & Route Exp.,Security Cost - Minimum Wages Revision, Security Cost - Minimum Wages Revision ,58738 ,58738 ,29369 ,29369 
Toll & Route Exp.,Ambulance Exp., Ambulance Exp. ,20000 ,20000 ,10000 ,10000 
Toll & Route Exp.,RPV Item Exp., RPV Item Exp. ,1333 ,1333 ,667 ,667 
Toll & Route Exp.,Crane Items Exp., Crane Items Exp. ,9167 ,9167 ,4583 ,4583 
Toll & Route Exp.,VTS, VTS ,6667 ,6667 ,3333 ,3333 
Electrical,Electricity Bill Highway ( Tunnel ), Electricity Bill Highway ( Tunnel ) ,2520833 ,2520833 ,1260417 ,1260417 
Electrical,DG Fuel Cost, DG Fuel Cost ,1031250 ,1031250 ,515625 ,515625 
Electrical,DG Spare Cost, DG Spare Cost ,41667 ,41667 ,20833 ,20833 
Electrical,DG AMC, DG AMC ,60000 ,60000 ,30000 ,30000 
Electrical,Substation Maint. Charges, Substation Maint. Charges ,33333 ,33333 ,16667 ,16667 
TMS & HTMS Exp.,TMS AMC, TMS AMC ,149717 ,149717 ,74858 ,74858 
TMS & HTMS Exp.,TMS Spares, TMS Spares ,135821 ,135821 ,67911 ,67911 
TMS & HTMS Exp.,AMC for WIM and SWB, AMC for WIM and SWB ,755382 ,755382 ,377691 ,377691 
E & M Expenses,Ventilation Spares, Ventilation Spares ,66667 ,66667 ,33333 ,33333 
Personal Exp.,Staff Salary, Staff Salary ,2811700 ,2811700 ,1405850 ,1405850 
Personal Exp.,GPA-GMA Policy, GPA-GMA Policy ,117445 ,117445 ,58722 ,58722 
Personal Exp.,Training and Development, Training and Development ,33333 ,33333 ,16667 ,16667 
Personal Exp.,Relocation Expenses, Relocation Expenses ,11667 ,11667 ,5833 ,5833 
Personal Exp.,Staff/Family Outing, Staff/Family Outing ,25000 ,25000 ,12500 ,12500 
Personal Exp.,Staff Welfare, Staff Welfare ,65000 ,65000 ,32500 ,32500 
Personal Exp.,Mobile Reimbursement, Mobile Reimbursement ,5163 ,5163 ,2581 ,2581 
Personal Exp.,Mobile Purchase for Staff, Mobile Purchase for Staff ,3333 ,3333 ,1667 ,1667 
Personal Exp.,HRMS, HRMS ,7600 ,7600 ,3800 ,3800 
Personal Exp.,Payroll Processing Fee, Payroll Processing Fee ,30900 ,30900 ,15450 ,15450 
Vehicle Running & Maintenance Exp.,Vehicle Hire Charges, Vehicle Hire Charges ,460000 ,460000 ,230000 ,230000 
Vehicle Running & Maintenance Exp.,Operations Vehicle Fuel-Incident Management+Sky lift & Tower Lights, Operations Vehicle Fuel-Incident Management+Sky lift & Tower Lights ,265834 ,265834 ,132917 ,132917 
Vehicle Running & Maintenance Exp.,Vehicle Repair and Maintenance, Vehicle Repair and Maintenance ,274000 ,274000 ,137000 ,137000 
Vehicle Running & Maintenance Exp.,Vehicle Fitness/Road Tax/Pollutioin/Permit, Vehicle Fitness/Road Tax/Pollutioin/Permit ,30833 ,30833 ,15417 ,15417 
Vehicle Running & Maintenance Exp.,Vehicle Insurance, Vehicle Insurance ,90000 ,29667 ,14833 ,14833 
Vehicle Running & Maintenance Exp.,Crane Hire 30 Ton, Crane Hire 30 Ton ,500000 ,500000 ,250000 ,250000 
Safety & ESG Exp.,Safety Items, Safety Items ,200000 ,200000 ,100000 ,100000 
Safety & ESG Exp.,Road Safety and Other Programmes, Road Safety and Other Programmes ,41667 ,41667 ,20833 ,20833 
Safety & ESG Exp.,Staff PPE Kits, Staff PPE Kits ,12000 ,12000 ,6000 ,6000 
Safety & ESG Exp.,Safety Audit Fees, Safety Audit Fees ,58333 ,58333 ,29167 ,29167 
Safety & ESG Exp.,ESG Related Exp., ESG Related Exp. ,100000 ,100000 ,50000 ,50000 
Safety & ESG Exp.,ESG Training, ESG Training ,33333 ,33333 ,16667 ,16667 
Other Expenses,Internet Charges, Internet Charges ,43333 ,43333 ,21667 ,21667 
Other Expenses,Misc. Expenses, Misc. Expenses ,8333 ,8333 ,4167 ,4167 
Other Expenses,IT Spares, IT Spares ,33333 ,33333 ,16667 ,16667 
Other Expenses,Office Consumables, Office Consumables ,70000 ,70000 ,35000 ,35000 
Other Expenses,Pooja Exp, Pooja Exp ,33333 ,33333 ,16667 ,16667 
Other Expenses,Food & Beverages, Food & Beverages ,40000 ,40000 ,20000 ,20000 
Other Expenses,Postage and Courier Charges, Postage and Courier Charges ,20000 ,20000 ,10000 ,10000 
Other Expenses,Printing and Stationary Expenses, Printing and Stationary Expenses ,60000 ,60000 ,30000 ,30000 
Other Expenses,Mobile Bill Charges- Site Office and Corridor, Mobile Bill Charges- Site Office and Corridor ,8000 ,8000 ,4000 ,4000 
Other Expenses,"AMC for AC, RO & Note Counting Machine including spares and walky talky renewal fee"," AMC for AC, RO & Note Counting Machine including spares and walky talky renewal fee ",1667 ,1667 ,833 ,833 
Other Expenses,Office / HO GH Rent, Office / HO GH Rent ,179800 ,179800 ,89900 ,89900 
Other Expenses,Incidental Vehicle Hire Charges, Incidental Vehicle Hire Charges ,40000 ,40000 ,20000 ,20000 
Other Expenses,Hotel and Travelling Expenses, Hotel and Travelling Expenses ,166667 ,166667 ,83333 ,83333 
Other Expenses,Other Misc. Expenses, Other Misc. Expenses ,83333 ,83333 ,41667 ,41667 
Other Expenses,Fire Extinguishers Refilling Charges, Fire Extinguishers Refilling Charges ,19167 ,19167 ,9583 ,9583 
Other Expenses,Festival Gifts, Festival Gifts ,83333 ,83333 ,41667 ,41667 
Other Expenses,Insurance Expenses, Insurance Expenses ,3916667 ,3916667 ,1958333 ,1958333 
Other Expenses,Professional/Legal/Audit Fees, Professional/Legal/Audit Fees ,722483 ,722483 ,361242 ,361242 
Other Expenses,IE Fee, IE Fee ,2088667 ,2088667 ,1044333 ,1044333 
Contigency,Contingency Expenses, Contingency Expenses ,821247 ,821247 ,410623 ,410623 
CSR Expenses,CSR Expenses, CSR Expenses ,2628775 ,2628775 ,1314387 ,1314387 
Management Fees,Management Fees, Management Fees ,10000000 ,10000000 ,5000000 ,5000000 
Finance Expenses,Interest on Term Loan, Interest on Term Loan ,189903336 ,189903336 ,94951668 ,94951668 
Finance Expenses,Trustee / LA / Other Lender Fees, Trustee / LA / Other Lender Fees ,255667 ,255667 ,127833 ,127833 
Finance Expenses,Rating Fees, Rating Fees ,101885 ,101885 ,50943 ,50943 
