CC Main Group,CC SUB Group,Tally Name,45017.00,45047.00,45078.00,45108.00,45139.00,45170.00,45200.00,45231.00,45261.00,45292.00,45323.00,45352.00,Total
 Routine Maintenance Exp. ,Agency Cost- Contract,Agency Cost- Contract,6412337.00,6412337.00,6412337.00,5771103.30,5771103.30,5771103.30,6001947.43,6001947.43,6001947.43,6001947.43,6001947.43,6001947.43,72562005.49
 Routine Maintenance Exp. ,Revision in Minimum Wages,Revision in Minimum Wages,256493.48,256493.48,256493.48,230844.13,230844.13,230844.13,240077.90,240077.90,240077.90,240077.90,240077.90,240077.90,2902480.22
 Routine Maintenance Exp. ,Repair Works Civil,Repair Works Civil,441874.76,441874.76,441874.76,441874.76,441874.76,441874.76,441874.76,441874.76,441874.76,441874.76,441874.76,441874.76,5302497.17
 Routine Maintenance Exp. ,Labour Cost-Manpower,Labour Cost-Manpower,192370.11,0.00,0.00,192370.11,0.00,0.00,192370.11,0.00,0.00,192370.11,0.00,0.00,769480.44
 Routine Maintenance Exp. ,JCB Hiring ,JCB Hiring ,167560.00,167560.00,167560.00,167560.00,167560.00,133930.00,133930.00,133930.00,133930.00,133930.00,133930.00,133930.00,1775310.00
 Routine Maintenance Exp. ,Repair of Publice Utilities,Repair of Publice Utilities,40000.00,40000.00,40000.00,40000.00,40000.00,40000.00,40000.00,40000.00,40000.00,40000.00,40000.00,40000.00,480000.00
 Routine Maintenance Exp. ,Repair of Plaza Building ,Repair of Plaza Building ,20000.00,20000.00,20000.00,20000.00,20000.00,20000.00,20000.00,20000.00,20000.00,20000.00,20000.00,20000.00,240000.00
 Routine Maintenance Exp. ,Plantation Cost,Plantation Cost,600000.00,600000.00,0.00,0.00,0.00,0.00,0.00,0.00,0.00,0.00,0.00,0.00,1200000.00
 Routine Maintenance Exp. ,BBD and BI Test,BBD and BI Test,0.00,0.00,0.00,0.00,450000.00,0.00,0.00,0.00,0.00,0.00,0.00,0.00,450000.00
 Routine Maintenance Exp. ,Monsoon Preparedness,Monsoon Preparedness,75000.00,75000.00,75000.00,75000.00,75000.00,0.00,0.00,0.00,0.00,0.00,0.00,0.00,375000.00
 Routine Maintenance Exp. ,Crane/Hydra Hiring,Crane-Hydra Hiring,212400.00,212400.00,212400.00,212400.00,212400.00,212400.00,0.00,0.00,0.00,0.00,0.00,0.00,1274400.00
 Routine Maintenance Exp. ,Snow Defrosting,Snow Defrosting,0.00,0.00,0.00,0.00,0.00,0.00,0.00,70000.00,70000.00,70000.00,70000.00,70000.00,350000.00
 Routine Maintenance Exp. ,Anti Corrosive Paint Structure,Anti Corrosive Paint Structure,1234575.00,1234575.00,,,,,,,,,,,2469150.00
 Routine Maintenance Exp. ,Construction of Bins for solid waste management ,Construction of Bins for solid waste management ,,,,299945.85,,,,,,,,,299945.85
 Routine Maintenance Exp. ,Tunnel hilltop channeling and leakage arrest,Tunnel hilltop channeling and leakage arrest,,300000.00,300000.00,200000.00,200000.00,200000.00,300000.00,300000.00,300000.00,300000.00,300000.00,300000.00,3000000.00
 Toll & Route Exp. ,Medicine Exp.,Medicine Exp.,10000.00,10000.00,10000.00,10000.00,10000.00,10000.00,10000.00,10000.00,10000.00,10000.00,10000.00,10000.00,120000.00
 Toll & Route Exp. ,RPV Item Exp.,RPV Item Exp.,10000.00,10000.00,10000.00,10000.00,10000.00,10000.00,10000.00,10000.00,10000.00,10000.00,10000.00,10000.00,120000.00
 Toll & Route Exp. ,Crane Items Exp.,Crane Items Exp.,5000.00,5000.00,5000.00,5000.00,5000.00,5000.00,5000.00,5000.00,5000.00,5000.00,5000.00,5000.00,60000.00
 Toll & Route Exp. ,VTS/Diesel Monitering Charges,VTS-Diesel Monitering Charges,10000.00,10000.00,10000.00,10000.00,10000.00,10000.00,10000.00,10000.00,10000.00,10000.00,10000.00,10000.00,120000.00
 Electrical ,Electricity Bills Toll ( Street Lights ),Electricity Bills Toll  Street Lights,1308530.00,1308530.00,1308530.00,1308530.00,1308530.00,1308530.00,1308530.00,1308530.00,1308530.00,1308530.00,1308530.00,1308530.00,15702360.00
 Electrical ,Electricity Bill Highway ( Tunnel ),Electricity Bill Highway Tunnel ,5000000.00,5000000.00,5000000.00,5000000.00,5000000.00,5000000.00,6500000.00,6500000.00,6500000.00,6500000.00,6500000.00,6000000.00,68500000.00
 Electrical ,Substation Maint. Charges,Substation Maint Charges,345500.00,345500.00,345500.00,345500.00,345500.00,345500.00,345500.00,345500.00,345500.00,345500.00,345500.00,345500.00,4146000.00
 Electrical ,DG AMC,DG AMC,200000.00,,,,0.00,,200000.00,,,,0.00,,400000.00
 Electrical ,DG Spare Cost,DG Spare Cost,50000.00,50000.00,50000.00,50000.00,50000.00,50000.00,50000.00,50000.00,50000.00,50000.00,50000.00,50000.00,600000.00
 Electrical ,Electrical Repair,Electrical Repair,40000.00,40000.00,40000.00,40000.00,40000.00,40000.00,40000.00,40000.00,40000.00,40000.00,40000.00,40000.00,480000.00
 TMS & HTMS Exp. ,TMS AMC,TMS AMC,222823.00,222823.00,222823.00,222823.00,222823.00,222823.00,222823.00,222823.00,222823.00,222823.00,222823.00,222823.00,2673876.00
 TMS & HTMS Exp. ,TMS Software Support,TMS Software Support,177000.00,177000.00,177000.00,177000.00,177000.00,177000.00,177000.00,177000.00,177000.00,177000.00,177000.00,177000.00,2124000.00
 TMS & HTMS Exp. ,WIM AMC,HTMS AMC,77340.00,77340.00,77340.00,77340.00,77340.00,77340.00,77340.00,77340.00,77340.00,77340.00,77340.00,77340.00,928080.00
 TMS & HTMS Exp. ,TMS Spares,TMS Spares,70000.00,70000.00,70000.00,70000.00,70000.00,70000.00,70000.00,70000.00,70000.00,70000.00,70000.00,70000.00,840000.00
 TMS & HTMS Exp. ,WIM Spares,HTMS Spares,50000.00,50000.00,50000.00,50000.00,50000.00,50000.00,50000.00,50000.00,50000.00,50000.00,50000.00,50000.00,600000.00
 TMS & HTMS Exp. ,Internet Charges,Internet Charges,70000.00,70000.00,70000.00,70000.00,70000.00,70000.00,70000.00,70000.00,70000.00,70000.00,70000.00,70000.00,840000.00
 TMS & HTMS Exp. ,AMC for WIM and SWB,AMC for WIM and SWB,50000.00,50000.00,50000.00,50000.00,50000.00,50000.00,50000.00,50000.00,50000.00,50000.00,50000.00,50000.00,600000.00
 TMS & HTMS Exp. ,Stamping Charges for WIM & SWB,Stamping Charges for WIM and SWB,100000.00,0.00,25000.00,0.00,0.00,0.00,0.00,0.00,0.00,0.00,0.00,0.00,125000.00
 TMS & HTMS Exp. ,Toll System Consumables,Toll System Consumables,25000.00,25000.00,25000.00,25000.00,25000.00,25000.00,25000.00,25000.00,25000.00,25000.00,25000.00,25000.00,300000.00
 E & M Exp. ,ITMS AMC,ITMS AMC,2000000.00,,,2000000.00,,,2000000.00,,,2000000.00,,,8000000.00
 E & M Exp. ,Ventilation AMC,Ventilation AMC,790000.00,,,,,,790000.00,,,,,,1580000.00
 E & M Exp. ,Electrical AMC,Electrical AMC,1036925.00,,,,,,1088772.00,,,,,,2125697.00
 E & M Exp. ,CO/NO Sensors AMC,CO-NO Sensors AMC,330000.00,,,,330000.00,,,,330000.00,,,,990000.00
 E & M Exp. ,ITMS Spares,ITMS Spares,50000.00,2820200.00,,,,,,,,,,,2870200.00
 E & M Exp. ,Ventilation Spares,Ventilation Spares,4465996.00,,,,,,4347902.00,,,,,,8813898.00
 E & M Exp. ,Fire Fightings Spares,Fire Fightings Spares,276792.00,,,,,,,,,,,,276792.00
 E & M Exp. ,Electrical Spares ( incld Pumps and welding Machine ),Electrical Spares ,2722398.65,0.00,0.00,0.00,0.00,0.00,2381024.65,0.00,0.00,0.00,0.00,0.00,5103423.30
 E & M Exp. ,RF License Fee,RF License Fee,,,,175000.00,,,,,,,,,175000.00
 E & M Exp. ,High Mast Re-alingment Near Weigh Bridge SP,High Mast Re-alingment Near Weigh Bridge SP,,,,,450000.00,,,,,,,,450000.00
 E & M Exp. ,Solar LED Studs for Via Duct,Solar LED Studs for Via Duct,,,,298700.00,,,,,,,,,298700.00
 E & M Exp. ,Fire fighting Spares,Fire fighting Spares,,1250000.00,,,,,,,,,,,1250000.00
 E & M Exp. ,Improvement in ECP,Improvement in ECP,,,,,,,250000.00,250000.00,250000.00,250000.00,,,1000000.00
 E & M Exp. ,Energy Audit & Improvements,Energy Audit & Improvements,,,,,,,1666666.67,1666666.67,1666666.67,,,,5000000.00
 Personal Exp. ,Staff Salary,Staff Salary,1408000.00,1408000.00,1408000.00,1408000.00,1408000.00,1408000.00,1408000.00,1408000.00,1408000.00,1408000.00,1408000.00,1408000.00,16896000.00
 Personal Exp. ,PLR 2023-2024,PLR 2023-2024,130000.00,130000.00,130000.00,130000.00,130000.00,130000.00,130000.00,130000.00,130000.00,130000.00,130000.00,130000.00,1560000.00
 Personal Exp. ,New Positions,New Positions,,,83333.00,250000.00,250000.00,250000.00,250000.00,250000.00,250000.00,250000.00,250000.00,250000.00,2333333.00
 Personal Exp. ,Mobile Reimbursement,Mobile Reimbursement,15000.00,15000.00,15000.00,15000.00,15000.00,15000.00,15000.00,15000.00,15000.00,15000.00,15000.00,15000.00,180000.00
 Personal Exp. ,Mobile Purchase for Staff,Mobile Purchase for Staff,140000.00,0.00,0.00,0.00,0.00,0.00,0.00,0.00,0.00,0.00,0.00,0.00,140000.00
 Personal Exp. ,Staff/Family Outing,Staff/Family Outing,400000.00,0.00,0.00,0.00,0.00,0.00,-,0.00,0.00,0.00,0.00,0.00,400000.00
 Personal Exp. ,PF Admin Charges,PF Admin Charges,2355.00,2355.00,2355.00,2355.00,2355.00,2355.00,2355.00,2355.00,2355.00,2355.00,2355.00,2355.00,28260.00
 Personal Exp. ,GPA-GMA Policy,GPA-GMA Policy,75000.00,75000.00,75000.00,75000.00,75000.00,75000.00,75000.00,75000.00,75000.00,75000.00,75000.00,75000.00,900000.00
 Personal Exp. ,Relocation Expenses,Relocation Expenses,0.00,0.00,150000.00,0.00,0.00,0.00,,0.00,0.00,150000.00,0.00,0.00,300000.00
 Personal Exp. ,Hotel and Travelling Expenses,Hotel and Travelling Expenses,152000.00,106000.00,88000.00,87000.00,65000.00,0.00,154000.00,0.00,21000.00,133000.00,42000.00,0.00,848000.00
 Personal Exp. ,Training and Development,Training and Development,200000.00,0.00,0.00,0.00,0.00,200000.00,0.00,0.00,0.00,0.00,100000.00,0.00,500000.00
 Personal Exp. ,Staff Welfare,Staff Welfare,30000.00,30000.00,30000.00,30000.00,30000.00,30000.00,30000.00,30000.00,30000.00,30000.00,30000.00,30000.00,360000.00
 Vehicle Running & Maintenance Exp. ,Vehicle Hire Charges,Vehicle Hire Charges,154350.00,154350.00,154350.00,154350.00,154350.00,154350.00,0.00,0.00,0.00,0.00,0.00,0.00,926100.00
 Vehicle Running & Maintenance Exp. ,Vehicle Fuel,Vehicle Fuel,315000.00,315000.00,315000.00,315000.00,315000.00,315000.00,315000.00,315000.00,315000.00,315000.00,315000.00,315000.00,3780000.00
 Vehicle Running & Maintenance Exp. ,Vehicle Repair and Maintenance,Vehicle Repair and Maintenance,200000.00,200000.00,200000.00,200000.00,200000.00,200000.00,200000.00,200000.00,200000.00,200000.00,200000.00,200000.00,2400000.00
 Vehicle Running & Maintenance Exp. ,Fuel for Dewatering Pump ( JET PUMP Tunnel Washing ),Fuel for Dewatering Pump ,30000.00,30000.00,30000.00,30000.00,30000.00,30000.00,30000.00,30000.00,30000.00,30000.00,30000.00,30000.00,360000.00
 Vehicle Running & Maintenance Exp. ,Hire of Snow Clearance Vehicle,Hire of Snow Clearance Vehicle,0.00,0.00,0.00,,,,,627583.00,681450.00,681450.00,681450.00,627583.00,3299516.00
 Vehicle Running & Maintenance Exp. ,Vehicle Insurance,Vehicle Insurance,,100000.00,300000.00,,,,,,,300000.00,,,700000.00
 Vehicle Running & Maintenance Exp. ,Vehicle Fitness/Token Tax/Pollutioin/Permit,Vehicle Fitness-Token Tax-Pollutioin-Permit,,,150000.00,160000.00,4000.00,100000.00,,,,,,,414000.00
 Safety & ESG Exp. ,Safety Items,Safety Items,60000.00,60000.00,60000.00,60000.00,60000.00,60000.00,60000.00,60000.00,60000.00,60000.00,60000.00,60000.00,720000.00
 Safety & ESG Exp. ,Staff PPE Kits,Staff PPE Kits,95000.00,0.00,0.00,0.00,95000.00,0.00,0.00,0.00,95000.00,0.00,0.00,0.00,285000.00
 Safety & ESG Exp. ,Safety Audit Fees,Safety Audit Fees,,0.00,0.00,700000.00,0.00,0.00,0.00,0.00,0.00,0.00,0.00,0.00,700000.00
 Safety & ESG Exp. ,Road Safety and Other Programmes,Road Safety and Other Programmes,250000.00,0.00,0.00,250000.00,0.00,0.00,250000.00,0.00,0.00,250000.00,0.00,100000.00,1100000.00
 Safety & ESG Exp. ,Pamphlets and Banners for Safety Programmes,Pamphlets and Banners for Safety Programmes,30000.00,30000.00,30000.00,30000.00,30000.00,30000.00,30000.00,30000.00,30000.00,70000.00,30000.00,30000.00,400000.00
 Safety & ESG Exp. ,ESG Related Exp.,ESG Related Exp.,200000.00,0.00,0.00,200000.00,0.00,0.00,200000.00,0.00,0.00,200000.00,0.00,0.00,800000.00
 Safety & ESG Exp. ,ESG Training,ESG Training,70000.00,0.00,0.00,70000.00,0.00,0.00,70000.00,0.00,0.00,0.00,70000.00,0.00,280000.00
 Office Expenses ,Office / HO GH Rent,Office -HO GH Rent,115640.00,115640.00,115640.00,115640.00,115640.00,115640.00,115640.00,115640.00,115640.00,115640.00,115640.00,115640.00,1387680.00
 Office Expenses ,"AMC for AC, RO & Note Counting Machine including spares and walky talky renewal fee",AMC for AC RO and Note Counting Machine including spares and walky talky renewal fee,20000.00,0.00,0.00,0.00,0.00,0.00,20000.00,0.00,0.00,0.00,0.00,20000.00,60000.00
 Office Expenses ,Printing and Stationary Charges,Printing and Stationary Charges,50000.00,10000.00,10000.00,10000.00,10000.00,10000.00,10000.00,10000.00,10000.00,10000.00,10000.00,10000.00,160000.00
 Office Expenses ,Printing and Stationary Expenses,Printing and Stationary Expenses,25000.00,0.00,25000.00,0.00,25000.00,0.00,25000.00,0.00,25000.00,0.00,25000.00,0.00,150000.00
 Office Expenses ,Postage and Courier Charges,Postage and Courier Charges,15000.00,15000.00,15000.00,15000.00,15000.00,15000.00,15000.00,15000.00,15000.00,15000.00,15000.00,15000.00,180000.00
 Office Expenses ,Food & Beverages,Food & Beverages,35000.00,35000.00,35000.00,35000.00,35000.00,35000.00,35000.00,35000.00,35000.00,35000.00,35000.00,35000.00,420000.00
 Office Expenses ,Water Expenses,Water Expenses,10000.00,10000.00,10000.00,10000.00,10000.00,10000.00,10000.00,10000.00,10000.00,10000.00,10000.00,10000.00,120000.00
 Office Expenses ,Pooja Exp,Pooja Exp,0.00,0.00,50000.00,0.00,50000.00,0.00,50000.00,0.00,50000.00,0.00,0.00,0.00,200000.00
 Office Expenses ,Office Consumables,Office Consumables,25000.00,25000.00,25000.00,25000.00,25000.00,25000.00,25000.00,25000.00,25000.00,25000.00,25000.00,25000.00,300000.00
 IT ,Office Printer Exp. (Printer Heavy Duty) ,Office Printer Exp,200000.00,,,,,,,,,,,,200000.00
 Other Expenses ,Audit Fee,Audit Fee,,,500000.00,,,400000.00,,,,,,811000.00,1711000.00
 Other Expenses ,Statutory Audit Fee,Statutory Audit Fee,850000.00,850000.00,850000.00,850000.00,850000.00,850000.00,1700000.00,850000.00,850000.00,850000.00,850000.00,850000.00,11050000.00
 Other Expenses ,BG Commission,BG Commission,100000.00,,,,,,,,,,,,100000.00
 Other Expenses ,Professional Fees,Professional Fees,150000.00,,150000.00,0.00,150000.00,0.00,150000.00,0.00,150000.00,0.00,150000.00,0.00,900000.00
 Other Expenses ,Insurance Expenses,Insurance Expenses,4166666.67,4166666.67,4166666.67,4166666.67,4166666.67,4166666.67,4166666.67,4166666.67,4166666.67,4166666.67,4166666.67,4166666.67,50000000.00
 Other Expenses ,Avertisement & Publicity (Toll Fee),Avertisement & Publicity-Toll Fee,50000.00,0.00,0.00,50000.00,0.00,0.00,50000.00,0.00,0.00,50000.00,0.00,0.00,200000.00
 Other Expenses ,Other Misc. Expenses,Other Misc. Expenses,25000.00,25000.00,25000.00,25000.00,25000.00,25000.00,25000.00,25000.00,25000.00,25000.00,25000.00,25000.00,300000.00
 Other Expenses ,Fire Extinguishers Refilling Charges,Fire Extinguishers Refilling Charges,75000.00,0.00,0.00,75000.00,0.00,0.00,75000.00,0.00,0.00,75000.00,0.00,0.00,300000.00
 Other Expenses ,Festival Gifts,Festival Gifts,0.00,0.00,0.00,0.00,0.00,0.00,500000.00,0.00,0.00,0.00,0.00,0.00,500000.00
 Contigency , Contigency , Contigency ,416666.67,416666.67,416666.67,416666.67,416666.67,416666.67,416666.67,416666.67,416666.67,416666.67,416666.67,416666.67,5000000.00
Management Fees, Athaang Management Fee  , Athaang Management Fee  ,0.00,0.00,17700000.00,0.00,0.00,17700000.00,0.00,0.00,17700000.00,0.00,0.00,17700000.00,70800000.00
Finance Expenses, Interest on Term Loan , Interest on Term Loan ,129452664.21,133767753.02,129452664.21,133767753.02,133767753.02,129452664.21,127718303.76,123598358.48,127718303.76,127718303.76,115358467.91,127718303.76,1539491293.12
Finance Expenses, Interest on OCD/NCD , Interest on OCD-NCD ,29917422.37,29917422.37,29917422.37,29917422.37,29917422.37,29917422.37,29917422.37,29917422.37,29917422.37,29917422.37,29917422.37,29917422.37,359009068.46
Finance Expenses, Other Borrowing Cost , Other Borrowing Cost ,0.00,0.00,1000000.00,0.00,0.00,1000000.00,0.00,0.00,1000000.00,0.00,0.00,0.00,3000000.00
Capex,Fire Fighting Vehicles ,Fire Fighting Vehicles ,,2100000.00,,,,,,,,,,,2100000.00
Capex,Two Wheeler (EV),Two Wheeler (EV),,360000.00,,,,,,,,,,,360000.00
Capex,DG Set 125 KVA (Railway Junction),DG Set 125 KVA (Railway Junction),,1000000.00,,,,,,,,,,,1000000.00
Capex,DG Set 160 KVA (Toll Booth South Portal),DG Set 160 KVA (Toll Booth South Portal),,1300000.00,,,,,,,,,,,1300000.00
Capex,2 T Air Conditioners for Conference Rooms,2 T Air Conditioners for Conference Rooms,100000.00,,,,,,,,,,,,100000.00
Capex,1.5 T Air Conditioners for Office rooms,1.5 T Air Conditioners for Office rooms,450000.00,,,,,,,,,,,,450000.00
Capex,Auger Horizontal / Vertical Boring Machine,Auger Horizontal / Vertical Boring Machine,0.00,,,,,,,,,,,0.00,
One Time Expense,Tile works ( Control Room front and Rear ),Tile works ( Control Room front and Rear ),,608385.11,608385.11,,,,,,,,,,1216770.22
