Cost Center Group,Cost Center Sub Group,Cost Center Code,Opening Budget,Board Approved Budget,45383.00,45413.00
Routine Maintenance Exp.,Agency Cost - Contract,Agency Cost - Contract,10419703.33,67728723.33,5209851.67,5209851.67
Routine Maintenance Exp.,Revision in Minimum Wages,Revision in Minimum Wages,512770.00,3076620.00,256385.00,256385.00
Routine Maintenance Exp.,Repair Works (Civil),Repair Works (Civil),748940.28,4493641.67,374470.14,374470.14
Routine Maintenance Exp.,Repair of Public Utilities,Repair of Public Utilities,40000.00,240000.00,20000.00,20000.00
Routine Maintenance Exp.,Repair of Plaza Building (Anciliary Bldgs at TP),Repair of Plaza Building (Anciliary Bldgs at TP),80000.00,480000.00,40000.00,40000.00
Routine Maintenance Exp.,Plantation Cost,Plantation Cost,200000.00,1200000.00,100000.00,100000.00
Routine Maintenance Exp.,BBD and BI Test,BBD and BI Test,225000.00,450000.00,0.00,225000.00
Routine Maintenance Exp.,Crane Hiring Charges,Crane Hiring Charges,467280.00,2803680.00,233640.00,233640.00
Routine Maintenance Exp.,Rectification of Defects in Bituminous Road,Rectification of Defects in Bituminous Road,1807552.67,10845316.00,903776.33,903776.33
Routine Maintenance Exp.,PQC cracks repair inside the tunnel (T1&T2),PQC cracks repair inside the tunnel (T1&T2),1166666.67,7000000.00,583333.33,583333.33
Routine Maintenance Exp.,Drainage improvement and leakage arrest at Tunnel Top,Drainage improvement and leakage arrest at Tunnel Top,500000.00,3000000.00,250000.00,250000.00
Toll & Route Exp.,Medicine Exp.,Medicine Exp.,10000.00,60000.00,5000.00,5000.00
Electrical,Electricity Bills Toll ( Street Lights ),Electricity Bills Toll ( Street Lights ),2250000.00,13500000.00,1125000.00,1125000.00
Electrical,Electricity Bill Highway ( Tunnel ),Electricity Bill Highway ( Tunnel ),11335092.35,68010554.12,5667546.18,5667546.18
Electrical,Substation Maint. Charges,Substation Maint. Charges,733333.33,4400000.00,366666.67,366666.67
Electrical,DG AMC,DG AMC,66666.67,400000.00,33333.33,33333.33
Electrical,DG Spare Cost,DG Spare Cost,50000.00,300000.00,25000.00,25000.00
Electrical,UPS AMC,UPS AMC,333333.33,2000000.00,166666.67,166666.67
Electrical,Electrical Repair,Electrical Repair,50000.00,300000.00,25000.00,25000.00
Electrical,Spares of HT,Spares of HT,166666.67,1000000.00,83333.33,83333.33
Electrical,AC Service,AC Service,41666.67,250000.00,20833.33,20833.33
TMS & HTMS Exp.,TMS AMC,TMS AMC,211666.00,1269996.00,105833.00,105833.00
TMS & HTMS Exp.,TMS Spares,TMS Spares,133333.33,800000.00,66666.67,66666.67
TMS & HTMS Exp.,TMS Consumables,TMS Consumables,50000.00,300000.00,25000.00,25000.00
TMS & HTMS Exp.,AMC for WIM and SWB,AMC for WIM and SWB,216666.67,1300000.00,108333.33,108333.33
TMS & HTMS Exp.,Stamping Charges for WIM & SWB,Stamping Charges for WIM & SWB,20833.33,125000.00,10416.67,10416.67
E & M Exp.,ITMS AMC,ITMS AMC,2085000.00,12510000.00,1042500.00,1042500.00
E & M Exp.,Electrical Spares ( incld Pumps and welding Machine ),Electrical Spares ( incld Pumps and welding Machine ),780082.67,4680496.00,390041.33,390041.33
E & M Exp.,ITMS Spares,ITMS Spares,750000.00,4500000.00,375000.00,375000.00
E & M Exp.,Electrical AMC,Electrical AMC,750000.00,4500000.00,375000.00,375000.00
E & M Exp.,Ventilation AMC,Ventilation AMC,700000.00,4200000.00,350000.00,350000.00
E & M Exp.,RF License Fee,RF License Fee,26043.33,156260.00,13021.67,13021.67
Vehicle Running & Maintenance Exp.,Vehicle/DG/ Snow clearance Fuel,Vehicle/DG/ Snow clearance Fuel,974208.00,6877248.00,487104.00,487104.00
Vehicle Running & Maintenance Exp.,Vehicle Repair and Maintenance,Vehicle Repair and Maintenance,83333.33,500000.00,41666.67,41666.67
Vehicle Running & Maintenance Exp.,Vehicle Hire Charges,Vehicle Hire Charges,340000.00,2040000.00,170000.00,170000.00
Vehicle Running & Maintenance Exp.,RPV Vehicle hire charges,RPV Vehicle hire charges,226560.00,1359360.00,113280.00,113280.00
Vehicle Running & Maintenance Exp.,Hire of Snow Clearance Vehicle,Hire of Snow Clearance Vehicle,666666.67,4000000.00,333333.33,333333.33
Vehicle Running & Maintenance Exp.,"Fuel for Dewatering Pump 
( JET PUMP Tunnel Washing )","Fuel for Dewatering Pump 
( JET PUMP Tunnel Washing )",60000.00,360000.00,30000.00,30000.00
Vehicle Running & Maintenance Exp.,Vehicle Insurance,Vehicle Insurance,33333.33,200000.00,16666.67,16666.67
Vehicle Running & Maintenance Exp.,Vehicle Fitness/Token Tax/Pollutioin/Permit,Vehicle Fitness/Token Tax/Pollutioin/Permit,33333.33,200000.00,16666.67,16666.67
Vehicle Running & Maintenance Exp.,E&M Vehicle Hire,E&M Vehicle Hire,100000.00,600000.00,50000.00,50000.00
Personal Exp.,Staff Salary,Staff Salary,3372413.33,20234480.00,1686206.67,1686206.67
Personal Exp.,GPA-GMA- GTL Policy,GPA-GMA- GTL Policy,138333.33,830000.00,69166.67,69166.67
Personal Exp.,Hotel & Travel Expense,Hotel & Travel Expense,50000.00,300000.00,25000.00,25000.00
Personal Exp.,Mobile Reimbursement,Mobile Reimbursement,16666.67,100000.00,8333.33,8333.33
Personal Exp.,Mobile Purchase for Staff,Mobile Purchase for Staff,8333.33,50000.00,4166.67,4166.67
Personal Exp.,Staff/Family Outing,Staff/Family Outing,33333.33,200000.00,16666.67,16666.67
Personal Exp.,Relocation Expenses,Relocation Expenses,16666.67,100000.00,8333.33,8333.33
Personal Exp.,Training and Development,Training and Development,25000.00,150000.00,12500.00,12500.00
Personal Exp.,Staff Welfare (Includes HO guest house expenses),Staff Welfare (Includes HO guest house expenses),20000.00,120000.00,10000.00,10000.00
Personal Exp.,Payroll Processing - GT,Payroll Processing - GT,34300.00,205800.00,17150.00,17150.00
Personal Exp.,HRMS,HRMS,7600.00,45600.00,3800.00,3800.00
Safety & ESG Exp.,Road Safety and Other Programmes ( Road Furniture and other allied items Included ),Road Safety and Other Programmes ( Road Furniture and other allied items Included ),38333.33,230000.00,19166.67,19166.67
Safety & ESG Exp.,Safety Audit Fees,Safety Audit Fees,58333.33,350000.00,29166.67,29166.67
Safety & ESG Exp.,ESG Related Exp.,ESG Related Exp.,20000.00,120000.00,10000.00,10000.00
Safety & ESG Exp.,Safety Items,Safety Items,83333.33,500000.00,41666.67,41666.67
Safety & ESG Exp.,Pamphlets and Banners for Safety Programmes,Pamphlets and Banners for Safety Programmes,66666.67,400000.00,33333.33,33333.33
Safety & ESG Exp.,Staff PPE Kits,Staff PPE Kits,50000.00,300000.00,25000.00,25000.00
Safety & ESG Exp.,ESG Training,ESG Training,33333.33,200000.00,16666.67,16666.67
Other Expenses ( Incl Office and IT ),Insurance Expenses,Insurance Expenses,5833333.33,35000000.00,2916666.67,2916666.67
Other Expenses ( Incl Office and IT ),IE Fee,IE Fee,1841666.67,11050000.00,920833.33,920833.33
Other Expenses ( Incl Office and IT ),Audit Fees,Audit Fees,200000.00,1200000.00,100000.00,100000.00
Other Expenses ( Incl Office and IT ),Professional Fees/Audit Fee/Legal Fee,Professional Fees/Audit Fee/Legal Fee,604583.33,3627500.00,302291.67,302291.67
Other Expenses ( Incl Office and IT ),Office / HO GH Rent,Office / HO GH Rent,231280.00,1387680.00,115640.00,115640.00
Other Expenses ( Incl Office and IT ),Office Printer Exp. (Printer Heavy Duty),Office Printer Exp. (Printer Heavy Duty),33333.33,200000.00,16666.67,16666.67
Other Expenses ( Incl Office and IT ),Internet Charges,Internet Charges,140000.00,840000.00,70000.00,70000.00
Other Expenses ( Incl Office and IT ),Office Consumables,Office Consumables,140000.00,840000.00,70000.00,70000.00
Other Expenses ( Incl Office and IT ),Printing and Stationary Charges,Printing and Stationary Charges,26666.67,160000.00,13333.33,13333.33
Other Expenses ( Incl Office and IT ),Security & Facility Management,Security & Facility Management,177926.00,1067556.00,88963.00,88963.00
Other Expenses ( Incl Office and IT ),Postage and Courier Charges,Postage and Courier Charges,10000.00,60000.00,5000.00,5000.00
Other Expenses ( Incl Office and IT ),Festival Gifts,Festival Gifts,83333.33,500000.00,41666.67,41666.67
Contigency,Contigency,Contigency,833333.33,5000000.00,416666.67,416666.67
Management Fees,Management Fees,Management Fees,12250000.00,73500000.00,6125000.00,6125000.00
CSR,CSR,CSR,290313.10,1741878.61,145156.55,145156.55
Finance Expenses,Interest on Term Loan,Interest on Term Loan,189903336.30,1139420017.80,94951668.15,94951668.15
Finance Expenses,Security Trustee Fees,Security Trustee Fees,19666.67,118000.00,9833.33,9833.33
Finance Expenses,Rating Fees,Rating Fees,141068.94,846413.64,70534.47,70534.47
