Cost Center Group,Cost Center Sub Group, Cost Center Code ,Opening Budget,Board Approved Budget,45383,45413,45444,45474,45505,45536,45566,45597,45627,45658,45689,45717
Routine Maintenance Exp.,Agency Cost- Contract, Agency Cost- Contract ,44704961,44704961,3725413,3725413,3725413,3725413,3725413,3725413,3725413,3725413,3725413,3725413,3725413,3725413
Routine Maintenance Exp.,Revision in Minimum Wages-RM, Revision in Minimum Wages-RM ,1350389,1350389,112532,112532,112532,112532,112532,112532,112532,112532,112532,112532,112532,112532
Routine Maintenance Exp.,BBD and BI Test, BBD and BI Test ,944000,944000,78667,78667,78667,78667,78667,78667,78667,78667,78667,78667,78667,78667
Routine Maintenance Exp.,Repair of Public Utilities, Repair of Public Utilities ,295000,295000,24583,24583,24583,24583,24583,24583,24583,24583,24583,24583,24583,24583
Routine Maintenance Exp.,Repair Works Civil, Repair Works Civil ,5000309,5000309,416692,416692,416692,416692,416692,416692,416692,416692,416692,416692,416692,416692
Routine Maintenance Exp.,Signage and Signboards for Stores, Signage and Signboards for Stores ,1711000,1711000,142583,142583,142583,142583,142583,142583,142583,142583,142583,142583,142583,142583
Routine Maintenance Exp.,Retroreflection/NSV-(a) Raod Marking Repairing Cost,Retroreflection/NSV-(a) Raod Marking Repairing Cost,7561642,7561642,630137,630137,630137,630137,630137,630137,630137,630137,630137,630137,630137,630137
Routine Maintenance Exp.,Plantation Cost, Plantation Cost ,500000,500000,41667,41667,41667,41667,41667,41667,41667,41667,41667,41667,41667,41667
Routine Maintenance Exp.,Videography Vigilence/ Traffc Surveys, Videography Vigilence/ Traffc Surveys ,59000,59000,4917,4917,4917,4917,4917,4917,4917,4917,4917,4917,4917,4917
Toll & Route Exp.,Incident Management Manpower (BD)- Agency Cost, Incident Management Manpower (BD)- Agency Cost ,37927363,37927363,3160614,3160614,3160614,3160614,3160614,3160614,3160614,3160614,3160614,3160614,3160614,3160614
Toll & Route Exp.,Incident Management Manpower (BD) - Minimum Wages Revision, Incident Management Manpower (BD) - Minimum Wages Revision ,758901,758901,63242,63242,63242,63242,63242,63242,63242,63242,63242,63242,63242,63242
Toll & Route Exp.,Security Cost - Agency Cost, Security Cost - Agency Cost ,10514232,10514232,876186,876186,876186,876186,876186,876186,876186,876186,876186,876186,876186,876186
Toll & Route Exp.,Security Cost - Minimum Wages Revision, Security Cost - Minimum Wages Revision ,183999,183999,15333,15333,15333,15333,15333,15333,15333,15333,15333,15333,15333,15333
Toll & Route Exp.,Ambulance Exp., Ambulance Exp. ,141600,141600,11800,11800,11800,11800,11800,11800,11800,11800,11800,11800,11800,11800
Toll & Route Exp.,RPV Item Exp., RPV Item Exp. ,9440,9440,787,787,787,787,787,787,787,787,787,787,787,787
Toll & Route Exp.,Crane Items Exp., Crane Items Exp. ,64900,64900,5408,5408,5408,5408,5408,5408,5408,5408,5408,5408,5408,5408
Toll & Route Exp.,VTS, VTS ,47200,47200,3933,3933,3933,3933,3933,3933,3933,3933,3933,3933,3933,3933
Electrical,Electricity Bill Highway ( Tunnel ),Electricity Bill Highway ( Tunnel ),15537704,15537704,1294809,1294809,1294809,1294809,1294809,1294809,1294809,1294809,1294809,1294809,1294809,1294809
Electrical,Electricity AMC, Electricity AMC ,672000,672000,56000,56000,56000,56000,56000,56000,56000,56000,56000,56000,56000,56000
Electrical,DG Fuel Cost, DG Fuel Cost ,7508516,7508516,625710,625710,625710,625710,625710,625710,625710,625710,625710,625710,625710,625710
Electrical,Electrical Spares, Electrical Spares ,225624,225624,18802,18802,18802,18802,18802,18802,18802,18802,18802,18802,18802,18802
Electrical,DG Spare Cost, DG Spare Cost ,295000,295000,24583,24583,24583,24583,24583,24583,24583,24583,24583,24583,24583,24583
Electrical,DG AMC, DG AMC ,424800,424800,35400,35400,35400,35400,35400,35400,35400,35400,35400,35400,35400,35400
Electrical,Substation Maint. Charges, Substation Maint. Charges ,236000,236000,19667,19667,19667,19667,19667,19667,19667,19667,19667,19667,19667,19667
E & M Exp.,Ventilation AMC, Ventilation AMC ,300000,300000,25000,25000,25000,25000,25000,25000,25000,25000,25000,25000,25000,25000
E & M Exp.,Ventilation Spares, Ventilation Spares ,400000,400000,33333,33333,33333,33333,33333,33333,33333,33333,33333,33333,33333,33333
Vehicle Running & Maintenance Exp.,Fuel Expenses - Agency, Fuel Expenses - Agency ,2251936,2251936,187661,187661,187661,187661,187661,187661,187661,187661,187661,187661,187661,187661
Vehicle Running & Maintenance Exp.,Vehicle Hire Charges, Vehicle Hire Charges ,4219200,4219200,351600,351600,351600,351600,351600,351600,351600,351600,351600,351600,351600,351600
Vehicle Running & Maintenance Exp.,Operations Vehicle Fuel-Incident Management+Sky lift & Tower Lights, Operations Vehicle Fuel-Incident Management+Sky lift & Tower Lights ,1595004,1595004,132917,132917,132917,132917,132917,132917,132917,132917,132917,132917,132917,132917
Vehicle Running & Maintenance Exp.,Vehicle Repair and Maintenance, Vehicle Repair and Maintenance ,1939920,1939920,161660,161660,161660,161660,161660,161660,161660,161660,161660,161660,161660,161660
Vehicle Running & Maintenance Exp.,Vehicle Fitness/Road Tax/Pollutioin/Permit, Vehicle Fitness/Road Tax/Pollutioin/Permit ,218300,218300,18192,18192,18192,18192,18192,18192,18192,18192,18192,18192,18192,18192
Vehicle Running & Maintenance Exp.,Vehicle Insurance, Vehicle Insurance ,210040,210040,17503,17503,17503,17503,17503,17503,17503,17503,17503,17503,17503,17503
Vehicle Running & Maintenance Exp.,Crane Hire 30 Ton, Crane Hire 30 Ton ,3540000,3540000,295000,295000,295000,295000,295000,295000,295000,295000,295000,295000,295000,295000
Safety & ESG Exp.,Safety Items, Safety Items ,1416000,1416000,118000,118000,118000,118000,118000,118000,118000,118000,118000,118000,118000,118000
Safety & ESG Exp.,Road Safety and Other Programmes, Road Safety and Other Programmes ,295000,295000,24583,24583,24583,24583,24583,24583,24583,24583,24583,24583,24583,24583
Safety & ESG Exp.,Staff PPE Kits, Staff PPE Kits ,84960,84960,7080,7080,7080,7080,7080,7080,7080,7080,7080,7080,7080,7080
Safety & ESG Exp.,Safety Audit Fees, Safety Audit Fees ,413000,413000,34417,34417,34417,34417,34417,34417,34417,34417,34417,34417,34417,34417
Safety & ESG Exp.,ESG Related Exp., ESG Related Exp. ,708000,708000,59000,59000,59000,59000,59000,59000,59000,59000,59000,59000,59000,59000
Safety & ESG Exp.,ESG Training, ESG Training ,236000,236000,19667,19667,19667,19667,19667,19667,19667,19667,19667,19667,19667,19667
Other Exp.,Internet Charges,Internet Charges,236000,236000,19667,19667,19667,19667,19667,19667,19667,19667,19667,19667,19667,19667
Other Exp.,Misc. Expenses, Misc. Expenses ,59000,59000,4917,4917,4917,4917,4917,4917,4917,4917,4917,4917,4917,4917
Other Exp.,IT Spares, IT Spares ,59000,59000,4917,4917,4917,4917,4917,4917,4917,4917,4917,4917,4917,4917
Other Exp.,Office Consumables, Office Consumables ,279232,279232,23269,23269,23269,23269,23269,23269,23269,23269,23269,23269,23269,23269
Other Exp.,Food & Beverages, Food & Beverages ,27568,27568,2297,2297,2297,2297,2297,2297,2297,2297,2297,2297,2297,2297
Other Exp.,Pooja Exp, Pooja Exp ,29500,29500,2458,2458,2458,2458,2458,2458,2458,2458,2458,2458,2458,2458
Other Exp.,Postage and Courier Charges, Postage and Courier Charges ,118000,118000,9833,9833,9833,9833,9833,9833,9833,9833,9833,9833,9833,9833
Other Exp.,Printing and Stationary Expenses, Printing and Stationary Expenses ,295000,295000,24583,24583,24583,24583,24583,24583,24583,24583,24583,24583,24583,24583
Other Exp.,Mobile Bill Charges- Site Office and Corridor, Mobile Bill Charges- Site Office and Corridor ,56640,56640,4720,4720,4720,4720,4720,4720,4720,4720,4720,4720,4720,4720
Other Exp.,"AMC for AC, RO & Note Counting Machine including spares and walky talky renewal fee"," AMC for AC, RO & Note Counting Machine including spares and walky talky renewal fee ",70800,70800,5900,5900,5900,5900,5900,5900,5900,5900,5900,5900,5900,5900
Other Exp.,Office / HO GH Rent, Office / HO GH Rent ,1321128,1321128,110094,110094,110094,110094,110094,110094,110094,110094,110094,110094,110094,110094
Other Exp.,Advance to NHAI,Advance to NHAI,2606069,2606069,217172,217172,217172,217172,217172,217172,217172,217172,217172,217172,217172,217172
Other Exp.,Hotel and Travelling Expenses, Hotel and Travelling Expenses ,1416000,1416000,118000,118000,118000,118000,118000,118000,118000,118000,118000,118000,118000,118000
Other Exp.,Other Misc. Expenses, Other Misc. Expenses ,590000,590000,49167,49167,49167,49167,49167,49167,49167,49167,49167,49167,49167,49167
Other Exp.,Fire Extinguishers Refilling Charges, Fire Extinguishers Refilling Charges ,65549,65549,5462,5462,5462,5462,5462,5462,5462,5462,5462,5462,5462,5462
Other Exp.,Festival Gifts, Festival Gifts ,590000,590000,49167,49167,49167,49167,49167,49167,49167,49167,49167,49167,49167,49167
Other Exp.,Insurance Expenses, Insurance Expenses ,23264880,23264880,1938740,1938740,1938740,1938740,1938740,1938740,1938740,1938740,1938740,1938740,1938740,1938740
Other Exp.,Professional/Legal/Audit Fees,Professional/Legal/Audit Fees,5115182,5115182,426265,426265,426265,426265,426265,426265,426265,426265,426265,426265,426265,426265
Other Exp.,IE Fee, IE Fee ,12532000,12532000,1044333,1044333,1044333,1044333,1044333,1044333,1044333,1044333,1044333,1044333,1044333,1044333
Personal Exp.,Staff Salary, Staff Salary ,16870200,16870200,1405850,1405850,1405850,1405850,1405850,1405850,1405850,1405850,1405850,1405850,1405850,1405850
Personal Exp.,GPA-GMA Policy, GPA-GMA Policy ,831509,831509,69292,69292,69292,69292,69292,69292,69292,69292,69292,69292,69292,69292
Personal Exp.,Training and Development, Training and Development ,236000,236000,19667,19667,19667,19667,19667,19667,19667,19667,19667,19667,19667,19667
Personal Exp.,Relocation Expenses, Relocation Expenses ,70000,70000,5833,5833,5833,5833,5833,5833,5833,5833,5833,5833,5833,5833
Personal Exp.,Staff/Family Outing, Staff/Family Outing ,177000,177000,14750,14750,14750,14750,14750,14750,14750,14750,14750,14750,14750,14750
Personal Exp.,Staff Welfare, Staff Welfare ,460200,460200,38350,38350,38350,38350,38350,38350,38350,38350,38350,38350,38350,38350
Personal Exp.,Mobile Reimbursement, Mobile Reimbursement ,43132,43132,3594,3594,3594,3594,3594,3594,3594,3594,3594,3594,3594,3594
Personal Exp.,Mobile Purchase for Staff, Mobile Purchase for Staff ,23600,23600,1967,1967,1967,1967,1967,1967,1967,1967,1967,1967,1967,1967
Personal Exp.,HRMS, HRMS ,53808,53808,4484,4484,4484,4484,4484,4484,4484,4484,4484,4484,4484,4484
Personal Exp.,Professional Fees - Payroll Process, Professional Fees - Payroll Process ,218772,218772,18231,18231,18231,18231,18231,18231,18231,18231,18231,18231,18231,18231
Contingency Exp.,Contingency Exp.,Contingency Exp.,5000000,5000000,416667,416667,416667,416667,416667,416667,416667,416667,416667,416667,416667,416667
CSR,CSR,CSR,17146279,17146279,1428857,1428857,1428857,1428857,1428857,1428857,1428857,1428857,1428857,1428857,1428857,1428857
Athaang Management Fees,Athaang Management Fees, Athaang Management Fees ,70800000,70800000,5900000,5900000,5900000,5900000,5900000,5900000,5900000,5900000,5900000,5900000,5900000,5900000
Finance Exp.,Interest on Term Loan, Interest on Term Loan ,1139420018,1139420018,94951668,94951668,94951668,94951668,94951668,94951668,94951668,94951668,94951668,94951668,94951668,94951668
Finance Exp.,Trustee / LA / Other Lender Fees, Trustee / LA / Other Lender Fees ,1534000,1534000,127833,127833,127833,127833,127833,127833,127833,127833,127833,127833,127833,127833
Finance Exp.,Credit Ratings Fees, Credit Ratings Fees ,721347,721347,60112,60112,60112,60112,60112,60112,60112,60112,60112,60112,60112,60112
