Cost Center Group,Cost Center Sub Group,Cost Center Code,Opening Budget,Board Approved Budget,45383.00,45413.00,45444.00,45474.00,45505.00,45536.00,45566.00,45597.00,45627.00,45658.00,45689.00,45717.00,Blocked Budget,Used Budget,Adjust Budget,Balance Budget,,
Routine Maintenance Exp.,Agency Cost - Contract,Agency Cost - Contract,79919893.53,79919893.53,6659991.13,6659991.13,6659991.13,6659991.13,6659991.13,6659991.13,6659991.13,6659991.13,6659991.13,6659991.13,6659991.13,6659991.13,,,,,,
Routine Maintenance Exp.,Revision in Minimum Wages,Revision in Minimum Wages,1817489.10,1817489.10,151457.43,151457.43,151457.43,151457.43,151457.43,151457.43,151457.43,151457.43,151457.43,151457.43,151457.43,151457.43,,,,,,
Routine Maintenance Exp.,Repair Works (Civil),Repair Works (Civil),5302497.17,5302497.17,441874.76,441874.76,441874.76,441874.76,441874.76,441874.76,441874.76,441874.76,441874.76,441874.76,441874.76,441874.76,,,,,,
Routine Maintenance Exp.,JCB & Tractor Hiring,JCB & Tractor Hiring,625400.00,625400.00,52116.67,52116.67,52116.67,52116.67,52116.67,52116.67,52116.67,52116.67,52116.67,52116.67,52116.67,52116.67,,,,,,
Routine Maintenance Exp.,Repair of Public Utilities,Repair of Public Utilities,283200.00,283200.00,23600.00,23600.00,23600.00,23600.00,23600.00,23600.00,23600.00,23600.00,23600.00,23600.00,23600.00,23600.00,,,,,,
Routine Maintenance Exp.,Repair of Plaza Building,Repair of Plaza Building,283200.00,283200.00,23600.00,23600.00,23600.00,23600.00,23600.00,23600.00,23600.00,23600.00,23600.00,23600.00,23600.00,23600.00,,,,,,
Routine Maintenance Exp.,BBD and BI Test,BBD and BI Test,531000.00,531000.00,0.00,265500.00,0.00,0.00,0.00,0.00,0.00,265500.00,0.00,0.00,0.00,0.00,,,,,,
Routine Maintenance Exp.,Crane/Hydra Hiring Charges,Crane/Hydra Hiring Charges,2548800.00,2548800.00,212400.00,212400.00,212400.00,212400.00,212400.00,212400.00,212400.00,212400.00,212400.00,212400.00,212400.00,212400.00,,,,,,
Routine Maintenance Exp.,Drainage improvement and leakage arrest at Tunnel Top,Drainage improvement and leakage arrest at Tunnel Top,1667764.80,1667764.80,138980.40,138980.40,138980.40,138980.40,138980.40,138980.40,138980.40,138980.40,138980.40,138980.40,138980.40,138980.40,,,,,,
Toll & Route Exp.,Medicine Exp.,Medicine Exp.,70800.00,70800.00,5900.00,5900.00,5900.00,5900.00,5900.00,5900.00,5900.00,5900.00,5900.00,5900.00,5900.00,5900.00,,,,,,
Electrical,Electricity Bills Toll ( Street Lights ),Electricity Bills Toll ( Street Lights ),2400000.00,2400000.00,200000.00,200000.00,200000.00,200000.00,200000.00,200000.00,200000.00,200000.00,200000.00,200000.00,200000.00,200000.00,,,,,,
Electrical,Electricity Bill Highway ( Tunnel ),Electricity Bill Highway ( Tunnel ),68010554.12,68010554.12,5667546.18,5667546.18,5667546.18,5667546.18,5667546.18,5667546.18,5667546.18,5667546.18,5667546.18,5667546.18,5667546.18,5667546.18,,,,,,
Electrical,Substation Maint. Charges,Substation Maint. Charges,5192000.00,5192000.00,432666.67,432666.67,432666.67,432666.67,432666.67,432666.67,432666.67,432666.67,432666.67,432666.67,432666.67,432666.67,,,,,,
Electrical,DG AMC,DG AMC,139622.32,139622.32,11635.19,11635.19,11635.19,11635.19,11635.19,11635.19,11635.19,11635.19,11635.19,11635.19,11635.19,11635.19,,,,,,
Electrical,DG Spare Cost,DG Spare Cost,472000.00,472000.00,39333.33,39333.33,39333.33,39333.33,39333.33,39333.33,39333.33,39333.33,39333.33,39333.33,39333.33,39333.33,,,,,,
Electrical,UPS AMC,UPS AMC,413000.00,413000.00,34416.67,34416.67,34416.67,34416.67,34416.67,34416.67,34416.67,34416.67,34416.67,34416.67,34416.67,34416.67,,,,,,
Electrical,AC Service,AC Service,295000.00,295000.00,24583.33,24583.33,24583.33,24583.33,24583.33,24583.33,24583.33,24583.33,24583.33,24583.33,24583.33,24583.33,,,,,,
TMS & HTMS Exp.,TMS AMC,TMS AMC,1498595.28,1498595.28,124882.94,124882.94,124882.94,124882.94,124882.94,124882.94,124882.94,124882.94,124882.94,124882.94,124882.94,124882.94,,,,,,
TMS & HTMS Exp.,TMS Spares,TMS Spares,944000.00,944000.00,78666.67,78666.67,78666.67,78666.67,78666.67,78666.67,78666.67,78666.67,78666.67,78666.67,78666.67,78666.67,,,,,,
TMS & HTMS Exp.,Toll System Consumables,Toll System Consumables,354000.00,354000.00,29500.00,29500.00,29500.00,29500.00,29500.00,29500.00,29500.00,29500.00,29500.00,29500.00,29500.00,29500.00,,,,,,
TMS & HTMS Exp.,AMC for WIM and SWB,AMC for WIM and SWB,1534000.00,1534000.00,127833.33,127833.33,127833.33,127833.33,127833.33,127833.33,127833.33,127833.33,127833.33,127833.33,127833.33,127833.33,,,,,,
TMS & HTMS Exp.,Stamping Charges for WIM & SWB,Stamping Charges for WIM & SWB,147500.00,147500.00,12291.67,12291.67,12291.67,12291.67,12291.67,12291.67,12291.67,12291.67,12291.67,12291.67,12291.67,12291.67,,,,,,
E & M Exp.,ITMS AMC,ITMS AMC,14761800.00,14761800.00,1230150.00,1230150.00,1230150.00,1230150.00,1230150.00,1230150.00,1230150.00,1230150.00,1230150.00,1230150.00,1230150.00,1230150.00,,,,,,
E & M Exp.,Electrical Spares,Electrical Spares,2208960.00,2208960.00,184080.00,184080.00,184080.00,184080.00,184080.00,184080.00,184080.00,184080.00,184080.00,184080.00,184080.00,184080.00,,,,,,
E & M Exp.,ITMS Spares,ITMS Spares,2127002.32,2127002.32,177250.19,177250.19,177250.19,177250.19,177250.19,177250.19,177250.19,177250.19,177250.19,177250.19,177250.19,177250.19,,,,,,
E & M Exp.,Electrical AMC,Electrical AMC,4148880.00,4148880.00,345740.00,345740.00,345740.00,345740.00,345740.00,345740.00,345740.00,345740.00,345740.00,345740.00,345740.00,345740.00,,,,,,
E & M Exp.,Ventilation AMC/Work,Ventilation AMC/Work,4064190.22,4064190.22,338682.52,338682.52,338682.52,338682.52,338682.52,338682.52,338682.52,338682.52,338682.52,338682.52,338682.52,338682.52,,,,,,
E & M Exp.,Ventilation Spares,Ventilation Spares,3566041.18,3566041.18,297170.10,297170.10,297170.10,297170.10,297170.10,297170.10,297170.10,297170.10,297170.10,297170.10,297170.10,297170.10,,,,,,
E & M Exp.,Fire Fightings Spares,Fire Fightings Spares,330400.00,330400.00,27533.33,27533.33,27533.33,27533.33,27533.33,27533.33,27533.33,27533.33,27533.33,27533.33,27533.33,27533.33,,,,,,
E & M Exp.,RF License Fee,RF License Fee,184386.80,184386.80,15365.57,15365.57,15365.57,15365.57,15365.57,15365.57,15365.57,15365.57,15365.57,15365.57,15365.57,15365.57,,,,,,
Vehicle Running & Maintenance Exp.,Vehicle/DG Fuel,Vehicle/DG Fuel,4082248.00,4082248.00,340187.33,340187.33,340187.33,340187.33,340187.33,340187.33,340187.33,340187.33,340187.33,340187.33,340187.33,340187.33,,,,,,
Vehicle Running & Maintenance Exp.,Vehicle Repair and Maintenance,Vehicle Repair and Maintenance,590000.00,590000.00,49166.67,49166.67,49166.67,49166.67,49166.67,49166.67,49166.67,49166.67,49166.67,49166.67,49166.67,49166.67,,,,,,
Vehicle Running & Maintenance Exp.,Vehicle Hire Charges,Vehicle Hire Charges,2234400.00,2234400.00,186200.00,186200.00,186200.00,186200.00,186200.00,186200.00,186200.00,186200.00,186200.00,186200.00,186200.00,186200.00,,,,,,
Vehicle Running & Maintenance Exp.,RPV Vehicle hire charges,RPV Vehicle hire charges,1296036.00,1296036.00,108003.00,108003.00,108003.00,108003.00,108003.00,108003.00,108003.00,108003.00,108003.00,108003.00,108003.00,108003.00,,,,,,
Vehicle Running & Maintenance Exp.,Hire of Snow Clearance Vehicle,Hire of Snow Clearance Vehicle,5003250.00,5003250.00,416937.50,416937.50,416937.50,416937.50,416937.50,416937.50,416937.50,416937.50,416937.50,416937.50,416937.50,416937.50,,,,,,
Vehicle Running & Maintenance Exp.,Fuel for Dewatering Pump ,Fuel for Dewatering Pump ,360000.00,360000.00,30000.00,30000.00,30000.00,30000.00,30000.00,30000.00,30000.00,30000.00,30000.00,30000.00,30000.00,30000.00,,,,,,
Vehicle Running & Maintenance Exp.,Vehicle Insurance,Vehicle Insurance,236000.00,236000.00,19666.67,19666.67,19666.67,19666.67,19666.67,19666.67,19666.67,19666.67,19666.67,19666.67,19666.67,19666.67,,,,,,
Vehicle Running & Maintenance Exp.,Vehicle Fitness/Token Tax/Pollution/Permit,Vehicle Fitness/Token Tax/Pollution/Permit,236000.00,236000.00,19666.67,19666.67,19666.67,19666.67,19666.67,19666.67,19666.67,19666.67,19666.67,19666.67,19666.67,19666.67,,,,,,
Vehicle Running & Maintenance Exp.,E&M Vehicle Hire,E&M Vehicle Hire,756000.00,756000.00,63000.00,63000.00,63000.00,63000.00,63000.00,63000.00,63000.00,63000.00,63000.00,63000.00,63000.00,63000.00,,,,,,
Personal Exp.,Staff Salary,Staff Salary,20283980.00,20283980.00,1690331.67,1690331.67,1690331.67,1690331.67,1690331.67,1690331.67,1690331.67,1690331.67,1690331.67,1690331.67,1690331.67,1690331.67,,,,,,
Personal Exp.,GPA-GMA- GTL Policy,GPA-GMA- GTL Policy,979400.00,979400.00,81616.67,81616.67,81616.67,81616.67,81616.67,81616.67,81616.67,81616.67,81616.67,81616.67,81616.67,81616.67,,,,,,
Personal Exp.,Hotel & Travel Expense,Hotel & Travel Expense,590000.00,590000.00,49166.67,49166.67,49166.67,49166.67,49166.67,49166.67,49166.67,49166.67,49166.67,49166.67,49166.67,49166.67,,,,,,
Personal Exp.,Mobile Reimbursement/Mobile Purchase for Staff,Mobile Reimbursement/Mobile Purchase for Staff,211220.00,211220.00,17601.67,17601.67,17601.67,17601.67,17601.67,17601.67,17601.67,17601.67,17601.67,17601.67,17601.67,17601.67,,,,,,
Personal Exp.,Staff/Family Outing/Relocation Exp/HO Guest House Exp,Staff/Family Outing/Relocation Exp/HO Guest House Exp,495600.00,495600.00,41300.00,41300.00,41300.00,41300.00,41300.00,41300.00,41300.00,41300.00,41300.00,41300.00,41300.00,41300.00,,,,,,
Personal Exp.,Training and Development,Training and Development,177000.00,177000.00,14750.00,14750.00,14750.00,14750.00,14750.00,14750.00,14750.00,14750.00,14750.00,14750.00,14750.00,14750.00,,,,,,
Personal Exp.,Professional Fees = Payroll Process,Professional Fees = Payroll Process,296652.00,296652.00,24721.00,24721.00,24721.00,24721.00,24721.00,24721.00,24721.00,24721.00,24721.00,24721.00,24721.00,24721.00,,,,,,
Safety & ESG Exp.,Road Safety and Other Programmes,Road Safety and Other Programmes,260001.20,260001.20,21666.77,21666.77,21666.77,21666.77,21666.77,21666.77,21666.77,21666.77,21666.77,21666.77,21666.77,21666.77,,,,,,
Safety & ESG Exp.,Safety Audit Fees,Safety Audit Fees,413000.00,413000.00,34416.67,34416.67,34416.67,34416.67,34416.67,34416.67,34416.67,34416.67,34416.67,34416.67,34416.67,34416.67,,,,,,
Safety & ESG Exp.,ESG Related Exp.,ESG Related Exp.,141600.00,141600.00,11800.00,11800.00,11800.00,11800.00,11800.00,11800.00,11800.00,11800.00,11800.00,11800.00,11800.00,11800.00,,,,,,
Safety & ESG Exp.,Safety Items,Safety Items,590000.00,590000.00,49166.67,49166.67,49166.67,49166.67,49166.67,49166.67,49166.67,49166.67,49166.67,49166.67,49166.67,49166.67,,,,,,
Safety & ESG Exp.,Pamphlets and Banners for Safety Programmes,Pamphlets and Banners for Safety Programmes,472000.00,472000.00,39333.33,39333.33,39333.33,39333.33,39333.33,39333.33,39333.33,39333.33,39333.33,39333.33,39333.33,39333.33,,,,,,
Safety & ESG Exp.,Staff PPE Kits,Staff PPE Kits,944000.00,944000.00,78666.67,78666.67,78666.67,78666.67,78666.67,78666.67,78666.67,78666.67,78666.67,78666.67,78666.67,78666.67,,,,,,
Safety & ESG Exp.,ESG Training,ESG Training,236000.00,236000.00,19666.67,19666.67,19666.67,19666.67,19666.67,19666.67,19666.67,19666.67,19666.67,19666.67,19666.67,19666.67,,,,,,
Other Expenses ( Incl Office and IT ),Insurance Expenses,Insurance Expenses,31700000.00,31700000.00,2641666.67,2641666.67,2641666.67,2641666.67,2641666.67,2641666.67,2641666.67,2641666.67,2641666.67,2641666.67,2641666.67,2641666.67,,,,,,
Other Expenses ( Incl Office and IT ),IE Fee,IE Fee,8500000.00,8500000.00,708333.33,708333.33,708333.33,708333.33,708333.33,708333.33,708333.33,708333.33,708333.33,708333.33,708333.33,708333.33,,,,,,
Other Expenses ( Incl Office and IT ),Audit Fees,Audit Fees,1416000.00,1416000.00,118000.00,118000.00,118000.00,118000.00,118000.00,118000.00,118000.00,118000.00,118000.00,118000.00,118000.00,118000.00,,,,,,
Other Expenses ( Incl Office and IT ),Legal and Professional Charges,Legal and Professional Charges,4280450.00,4280450.00,356704.17,356704.17,356704.17,356704.17,356704.17,356704.17,356704.17,356704.17,356704.17,356704.17,356704.17,356704.17,,,,,,
Other Expenses ( Incl Office and IT ),Office / HO GH Rent,Office / HO GH Rent,1172556.00,1172556.00,97713.00,97713.00,97713.00,97713.00,97713.00,97713.00,97713.00,97713.00,97713.00,97713.00,97713.00,97713.00,,,,,,
Other Expenses ( Incl Office and IT ),Internet Charges,Internet Charges,991200.00,991200.00,82600.00,82600.00,82600.00,82600.00,82600.00,82600.00,82600.00,82600.00,82600.00,82600.00,82600.00,82600.00,,,,,,
Other Expenses ( Incl Office and IT ),Security & Facility Management,Security & Facility Management,1259716.08,1259716.08,104976.34,104976.34,104976.34,104976.34,104976.34,104976.34,104976.34,104976.34,104976.34,104976.34,104976.34,104976.34,,,,,,
Other Expenses ( Incl Office and IT ),Office Printer Exp. (Printer Heavy Duty),Office Printer Exp. (Printer Heavy Duty),236000.00,236000.00,19666.67,19666.67,19666.67,19666.67,19666.67,19666.67,19666.67,19666.67,19666.67,19666.67,19666.67,19666.67,,,,,,
Other Expenses ( Incl Office and IT ),Office Consumables,Office Consumables,991200.00,991200.00,82600.00,82600.00,82600.00,82600.00,82600.00,82600.00,82600.00,82600.00,82600.00,82600.00,82600.00,82600.00,,,,,,
Other Expenses ( Incl Office and IT ),Printing and Stationary Charges,Printing and Stationary Charges,188800.00,188800.00,15733.33,15733.33,15733.33,15733.33,15733.33,15733.33,15733.33,15733.33,15733.33,15733.33,15733.33,15733.33,,,,,,
Other Expenses ( Incl Office and IT ),Postage and Courier Charges,Postage and Courier Charges,70800.00,70800.00,5900.00,5900.00,5900.00,5900.00,5900.00,5900.00,5900.00,5900.00,5900.00,5900.00,5900.00,5900.00,,,,,,
Other Expenses ( Incl Office and IT ),Festival Gifts,Festival Gifts,590000.00,590000.00,49166.67,49166.67,49166.67,49166.67,49166.67,49166.67,49166.67,49166.67,49166.67,49166.67,49166.67,49166.67,,,,,,
Contigency,Contingency Expenses,Contingency Expenses,5000000.00,5000000.00,416666.67,416666.67,416666.67,416666.67,416666.67,416666.67,416666.67,416666.67,416666.67,416666.67,416666.67,416666.67,,,,,,
Management Fees,Management Fee,Management Fee,86730000.00,86730000.00,7227500.00,7227500.00,7227500.00,7227500.00,7227500.00,7227500.00,7227500.00,7227500.00,7227500.00,7227500.00,7227500.00,7227500.00,,,,,,
CSR,CSR Expenses,CSR Expenses,23924214.67,23924214.67,1993684.56,1993684.56,1993684.56,1993684.56,1993684.56,1993684.56,1993684.56,1993684.56,1993684.56,1993684.56,1993684.56,1993684.56,,,,,,
Finance Expenses,Interest on Term Loan,Interest on Term Loan,1139420017.80,1139420017.80,94951668.15,94951668.15,94951668.15,94951668.15,94951668.15,94951668.15,94951668.15,94951668.15,94951668.15,94951668.15,94951668.15,94951668.15,,,,,,
Finance Expenses,Security Trustee Fees,Security Trustee Fees,139240.00,139240.00,11603.33,11603.33,11603.33,11603.33,11603.33,11603.33,11603.33,11603.33,11603.33,11603.33,11603.33,11603.33,,,,,,
Finance Expenses,Credit Rating Fees,Credit Rating Fees,998768.10,998768.10,83230.67,83230.67,83230.67,83230.67,83230.67,83230.67,83230.67,83230.67,83230.67,83230.67,83230.67,83230.67,,,,,,
Finance Expenses,Interest on NCD,Interest on NCD,328561800.00,328561800.00,27380150.00,27380150.00,27380150.00,27380150.00,27380150.00,27380150.00,27380150.00,27380150.00,27380150.00,27380150.00,27380150.00,27380150.00,,,,,,
Capex,AC for ECP,AC for ECP,582400.00,582400.00,48533.33,48533.33,48533.33,48533.33,48533.33,48533.33,48533.33,48533.33,48533.33,48533.33,48533.33,48533.33,,,,,,
Capex,Construction of CRPF command post,Construction of CRPF command  post,1908928.48,1908928.48,159077.37,159077.37,159077.37,159077.37,159077.37,159077.37,159077.37,159077.37,159077.37,159077.37,159077.37,159077.37,,,,,,
One Time Expenses,Viaduct Pier - Crack Repair,Viaduct Pier - Crack Repair,1770000.00,1770000.00,147500.00,147500.00,147500.00,147500.00,147500.00,147500.00,147500.00,147500.00,147500.00,147500.00,147500.00,147500.00,,,,,,
One Time Expenses,PQC cracks repair inside the tunnel (T1&T2),PQC cracks repair inside the tunnel (T1&T2),4039140.00,4039140.00,336595.00,336595.00,336595.00,336595.00,336595.00,336595.00,336595.00,336595.00,336595.00,336595.00,336595.00,336595.00,,,,,,
One Time Expenses,Wall Painting inside Tunnel ,Wall Painting inside tunnel ,15177856.20,15177856.20,1264821.35,1264821.35,1264821.35,1264821.35,1264821.35,1264821.35,1264821.35,1264821.35,1264821.35,1264821.35,1264821.35,1264821.35,,,,,,
,,,1906375451.37,1906375451.37,158820370.95,159085870.95,158820370.95,158820370.95,158820370.95,158820370.95,158820370.95,159085870.95,158820370.95,158820370.95,158820370.95,158820370.95,,,,,,
