CustomerName(AccountName),Debit_Account,FromDate,Todate,Bank_Reference,ValueDate,Transaction_Date,Type,Payment_Narration,Debit,Credit,Available_Balance
ATHAANG INFRASTRUCTURE PRIVATE LIMITED (ATHAANG INFRASTRUCTURE PRIVATE LIMITED),Account No :201030665531,01-Mar-2025,10-Mar-2025,  M970363,07-Mar-2025,'07-MAR-25 14:19:01,Debit,IB ETAX CBDT 25030700216363/,1951104,,2573529.79
ATHAANG INFRASTRUCTURE PRIVATE LIMITED (ATHAANG INFRASTRUCTURE PRIVATE LIMITED),Account No :201030665531,01-Mar-2025,10-Mar-2025,  M970329,07-Mar-2025,'07-MAR-25 14:18:58,Debit,IB ETAX CBDT 25030700194378/,67878,,4524633.79
ATHAANG INFRASTRUCTURE PRIVATE LIMITED (ATHAANG INFRASTRUCTURE PRIVATE LIMITED),Account No :201030665531,01-Mar-2025,10-Mar-2025,  M970305,07-Mar-2025,'07-MAR-25 14:18:56,Debit,IB ETAX CBDT 25030700184236/,540,,4592511.79
ATHAANG INFRASTRUCTURE PRIVATE LIMITED (ATHAANG INFRASTRUCTURE PRIVATE LIMITED),Account No :201030665531,01-Mar-2025,10-Mar-2025,  M970280,07-Mar-2025,'07-MAR-25 14:18:52,Debit,IB ETAX CBDT 25030700177352/,8534,,4593051.79
ATHAANG INFRASTRUCTURE PRIVATE LIMITED (ATHAANG INFRASTRUCTURE PRIVATE LIMITED),Account No :201030665531,01-Mar-2025,10-Mar-2025,  M970257,07-Mar-2025,'07-MAR-25 14:18:50,Debit,IB ETAX CBDT 25030700166336/,142908,,4601585.79
ATHAANG INFRASTRUCTURE PRIVATE LIMITED (ATHAANG INFRASTRUCTURE PRIVATE LIMITED),Account No :201030665531,01-Mar-2025,10-Mar-2025,  M970212,07-Mar-2025,'07-MAR-25 14:18:47,Debit,IB ETAX CBDT 25030700156752/,199005,,4744493.79
ATHAANG INFRASTRUCTURE PRIVATE LIMITED (ATHAANG INFRASTRUCTURE PRIVATE LIMITED),Account No :201030665531,01-Mar-2025,10-Mar-2025,  M970183,07-Mar-2025,'07-MAR-25 14:18:45,Debit,IB ETAX CBDT 25030700146464/,1337,,4943498.79
ATHAANG INFRASTRUCTURE PRIVATE LIMITED (ATHAANG INFRASTRUCTURE PRIVATE LIMITED),Account No :201030665531,01-Mar-2025,10-Mar-2025,'INDBH07034429669,07-Mar-2025,'07-MAR-25 14:13:58,Debit,N/SA2396G/JHL Grand Hya/INDBH07034429669/ ,56888,,4944835.79
ATHAANG INFRASTRUCTURE PRIVATE LIMITED (ATHAANG INFRASTRUCTURE PRIVATE LIMITED),Account No :201030665531,01-Mar-2025,10-Mar-2025,'INDBH06034290616,06-Mar-2025,'06-MAR-25 17:46:15,Debit,N/SI4524/Parth Infotech/INDBH06034290616/ ,17496,,5001723.79
ATHAANG INFRASTRUCTURE PRIVATE LIMITED (ATHAANG INFRASTRUCTURE PRIVATE LIMITED),Account No :201030665531,01-Mar-2025,10-Mar-2025,'INDBH06034290614,06-Mar-2025,'06-MAR-25 17:46:15,Debit,N/TE61386137/Manjeet Malhot/INDBH06034290614/ ,34762,,5019219.79
ATHAANG INFRASTRUCTURE PRIVATE LIMITED (ATHAANG INFRASTRUCTURE PRIVATE LIMITED),Account No :201030665531,01-Mar-2025,10-Mar-2025,'INDBH06034290612,06-Mar-2025,'06-MAR-25 17:46:14,Debit,N/SA2396/Jhl Grand Hya/INDBH06034290612/ ,18000,,5053981.79
ATHAANG INFRASTRUCTURE PRIVATE LIMITED (ATHAANG INFRASTRUCTURE PRIVATE LIMITED),Account No :201030665531,01-Mar-2025,10-Mar-2025,'INDBH06034290609,06-Mar-2025,'06-MAR-25 17:46:13,Debit,N/MailDH1/Hdfc Hp Corpor/INDBH06034290609/ ,20000,,5071981.79
ATHAANG INFRASTRUCTURE PRIVATE LIMITED (ATHAANG INFRASTRUCTURE PRIVATE LIMITED),Account No :201030665531,01-Mar-2025,10-Mar-2025,'INDBH06034290608,06-Mar-2025,'06-MAR-25 17:46:13,Debit,N/SI4551/Sivaraman Nara/INDBH06034290608/ ,540000,,5091981.79
ATHAANG INFRASTRUCTURE PRIVATE LIMITED (ATHAANG INFRASTRUCTURE PRIVATE LIMITED),Account No :201030665531,01-Mar-2025,10-Mar-2025,'INDBH06034290603,06-Mar-2025,'06-MAR-25 17:46:13,Debit,N/TE6144/Rushabh Gala/INDBH06034290603/ ,3702,,5631981.79
ATHAANG INFRASTRUCTURE PRIVATE LIMITED (ATHAANG INFRASTRUCTURE PRIVATE LIMITED),Account No :201030665531,01-Mar-2025,10-Mar-2025,'INDBH06034290607,06-Mar-2025,'06-MAR-25 17:46:13,Debit,N/MailKTPL/Hdfc Hp Corpor/INDBH06034290607/ ,50000,,5635683.79
ATHAANG INFRASTRUCTURE PRIVATE LIMITED (ATHAANG INFRASTRUCTURE PRIVATE LIMITED),Account No :201030665531,01-Mar-2025,10-Mar-2025,'INDBH06034290605,06-Mar-2025,'06-MAR-25 17:46:13,Debit,N/SI4517/Team One Techn/INDBH06034290605/ ,69719,,5685683.79
ATHAANG INFRASTRUCTURE PRIVATE LIMITED (ATHAANG INFRASTRUCTURE PRIVATE LIMITED),Account No :201030665531,01-Mar-2025,10-Mar-2025,'INDBH06034290601,06-Mar-2025,'06-MAR-25 17:46:12,Debit,N/MailDH/Hdfc Hp Corpor/INDBH06034290601/ ,45000,,5755402.79
ATHAANG INFRASTRUCTURE PRIVATE LIMITED (ATHAANG INFRASTRUCTURE PRIVATE LIMITED),Account No :201030665531,01-Mar-2025,10-Mar-2025,'INDBH06034290604,06-Mar-2025,'06-MAR-25 17:46:12,Debit,N/TE6130/Shivaprakash M/INDBH06034290604/ ,2130,,5800402.79
ATHAANG INFRASTRUCTURE PRIVATE LIMITED (ATHAANG INFRASTRUCTURE PRIVATE LIMITED),Account No :201030665531,01-Mar-2025,10-Mar-2025,'INDBH06034290602,06-Mar-2025,'06-MAR-25 17:46:12,Debit,N/SA2280/Sodexo Svc Ind/INDBH06034290602/ ,56324,,5802532.79
ATHAANG INFRASTRUCTURE PRIVATE LIMITED (ATHAANG INFRASTRUCTURE PRIVATE LIMITED),Account No :201030665531,01-Mar-2025,10-Mar-2025,'INDBH06034290600,06-Mar-2025,'06-MAR-25 17:46:12,Debit,N/TE6127/Sandeep Sohani/INDBH06034290600/ ,3130,,5858856.79
ATHAANG INFRASTRUCTURE PRIVATE LIMITED (ATHAANG INFRASTRUCTURE PRIVATE LIMITED),Account No :201030665531,01-Mar-2025,10-Mar-2025,'INDBH06034290596,06-Mar-2025,'06-MAR-25 17:46:11,Debit,N/SA2392/Hdfc Hp Corpor/INDBH06034290596/ ,50000,,5861986.79
ATHAANG INFRASTRUCTURE PRIVATE LIMITED (ATHAANG INFRASTRUCTURE PRIVATE LIMITED),Account No :201030665531,01-Mar-2025,10-Mar-2025,'INDBH06034290592,06-Mar-2025,'06-MAR-25 17:46:11,Debit,N/SI4523/Datasoft Netwo/INDBH06034290592/ ,5940,,5911986.79
ATHAANG INFRASTRUCTURE PRIVATE LIMITED (ATHAANG INFRASTRUCTURE PRIVATE LIMITED),Account No :201030665531,01-Mar-2025,10-Mar-2025,'INDBH06034290598,06-Mar-2025,'06-MAR-25 17:46:11,Debit,N/TE6071/Risa Manna/INDBH06034290598/ ,832,,5917926.79
ATHAANG INFRASTRUCTURE PRIVATE LIMITED (ATHAANG INFRASTRUCTURE PRIVATE LIMITED),Account No :201030665531,01-Mar-2025,10-Mar-2025,'INDBH06034290597,06-Mar-2025,'06-MAR-25 17:46:11,Debit,N/TE61046124/Ranganathan N/INDBH06034290597/ ,10744,,5918758.79
ATHAANG INFRASTRUCTURE PRIVATE LIMITED (ATHAANG INFRASTRUCTURE PRIVATE LIMITED),Account No :201030665531,01-Mar-2025,10-Mar-2025,'INDBH06034290590,06-Mar-2025,'06-MAR-25 17:46:11,Debit,N/SI4493/Charlene Hospi/INDBH06034290590/ ,10543,,5929502.79
ATHAANG INFRASTRUCTURE PRIVATE LIMITED (ATHAANG INFRASTRUCTURE PRIVATE LIMITED),Account No :201030665531,01-Mar-2025,10-Mar-2025,'INDBH06034290589,06-Mar-2025,'06-MAR-25 17:46:11,Debit,N/TE6098/Bharath Mohan /INDBH06034290589/ ,14700,,5940045.79
ATHAANG INFRASTRUCTURE PRIVATE LIMITED (ATHAANG INFRASTRUCTURE PRIVATE LIMITED),Account No :201030665531,01-Mar-2025,10-Mar-2025,'INDBH06034290588,06-Mar-2025,'06-MAR-25 17:46:10,Debit,N/SI4533/Axis Trustee S/INDBH06034290588/ ,216000,,5954745.79
ATHAANG INFRASTRUCTURE PRIVATE LIMITED (ATHAANG INFRASTRUCTURE PRIVATE LIMITED),Account No :201030665531,01-Mar-2025,10-Mar-2025,S84000577,06-Mar-2025,'06-MAR-25 06:26:02,Credit,R/HDFCR52025030696997350/HDFC0000240/ADITYA BIRLA/SUN LIFE PAYLINK REDEM//HDFCR52025030696997350 /,,5000000,6170745.79
