Detailed Statement,,,,,,,,,
Name:,ATHAANG INFRASTRUCTURE PRIVATE LIMITED,,,,Account Currency:,,,,
Address:,"3RD FLR HINDUSTAN TIMES,HOUSE 18-20,,KASTURBA GANDHI,MARG,NEW DELHI,110001,DELHI,INDIA",,,,A/C Branch:,BKC G BLOCK,,,
A/C No:,55505009542,,,,Branch Address:,"TCG FINANCIAL CENTRE,C-53,BKC,BANDRA,MUMBAI 400051,MUMBAI|,MAHARASHTRA,INDIA",,,
A/C Type:,CAA,,,,Cust Id:,572732452,,,
Jt. Holder:,,,,,Branch Code:,3449,,,
Transaction Date from:,23-01-2025,,,,IFSC Code:,ICIC0003449,,,
Transaction Period,From 23/01/2025 To 23/01/2025,,,,,,,,
Statement Request/Download Date:,23-01-2025,,,,,,,,
Advanced Search,,,,,,,,,
Amount from:,NA,To,NA,,,,,,
Cheque number from:,NA,To,NA,,,,,,
Transaction remarks:,,,,,,,,,
Transaction type:,,,,,,,,,
,,,,,,,,,
S.N.,Tran. Id,Value Date,Transaction Date,Transaction Posted Date,Cheque. No./Ref. No.,Transaction Remarks,Withdrawal Amt (),Deposit Amt (),Balance ()
1,S60679878,06-Jan-25,06-Jan-25,06-01-2025 18:21,,GIB/002035023869/DTAX      /25010600737277ICIC,"2,73,365.00",,"5,05,658.20"
2,S60680250,06-Jan-25,06-Jan-25,06-01-2025 18:21,,GIB/002035021665/DTAX      /25010600726788ICIC,"3,090.00",,"5,02,568.20"
3,S60679970,06-Jan-25,06-Jan-25,06-01-2025 18:21,,GIB/002035020395/DTAX      /25010600718724ICIC,"20,000.00",,"4,82,568.20"
4,S5640571,10-Jan-25,10-Jan-25,10-01-2025 16:05,,INF/NEFT/ICICN42025011058157586/SCBL0036057/Professional Fees/ArvindMahajan,"90,000.00",,"3,92,568.20"
5,S5639602,10-Jan-25,10-Jan-25,10-01-2025 16:05,,INF/NEFT/ICICN42025011058157600/SBIN0001862/Professional Fees/ShyamalaGopinat,"90,000.00",,"3,02,568.20"
6,S7305886,10-Jan-25,10-Jan-25,10-01-2025 17:55,,INF/NEFT/ICICN42025011058157618/HDFC0000543/Professional Fees/RsmAstute,"1,41,139.00",,"1,61,429.20"
7,S7609901,10-Jan-25,10-Jan-25,10-01-2025 18:18,,INF/NEFT/ICICN42025011058159770/HDFC0000011/Professional Fees/SanjayPuri,"64,240.00",,"97,189.20"
8,S95459698,21-Jan-25,21-Jan-25,21-01-2025 16:13,,GIB/002036017574/GST       /25012700714535,"36,020.00",,"61,169.20"
9,S95821969,21-Jan-25,21-Jan-25,21-01-2025 16:38,,INF/NEFT/ICICN42025012155117759/HDFC0000543/Professional Fees/RsmAstute,"20,162.00",,"41,007.20"
10,M3427356,23-Jan-25,23-Jan-25,23-01-2025 15:25,,344910004074: Closure Proceeds,,"10,01,417.00","10,42,424.20"
,,,,,,,,,
Page Total,,,,,,,,,
Opening Bal:,"7,79,023.20",,,,,,,,
Withdrawls:,"7,38,016.00",,,,,,,,
Deposits:,"10,01,417.00",,,,,,,,
Closing Bal:,"10,42,424.20",,,,,,,,
,,,,,,,,,
Legends Used in Account Statement,,,,,,,,,
1. BBPS - Bharat Bill Payment Service,,,,,,,,,
2. BCTT - Banking Cash Transaction Tax,,,,,,,,,
3. BIL - Internet Bill payment or funds transfer to Third party,,,,,,,,,
4. BPAY - Bill payment,,,,,,,,,
5. CCWD - Cardless Cash Withdrawal,,,,,,,,,
6. DTAX - Direct Tax,,,,,,,,,
7. EBA - Transaction on ICICI Direct,,,,,,,,,
8. IDTX - Indirect Tax,,,,,,,,,
9. IMPS - Immediate Payment Service,,,,,,,,,
10. INF - Internet fund transfer in linked accounts,,,,,,,,,
11. INFT - Internal Fund Transfer (Within ICICI Bank),,,,,,,,,
12. LCCBRN CMS - Local cheque collection,,,,,,,,,
13. LNPY - Linked loan payment,,,,,,,,,
14. MMT - Mobile Money Transfer (Insta FT - IMPS),,,,,,,,,
15. N chg - NEFT Charges,,,,,,,,,
16. NEFT - National Electronics Funds Transfer System (Other Bank Fund transfer),,,,,,,,,
17. ONL - Online Shopping transaction (Payment done on third party website),,,,,,,,,
18. PAC - Personal Accident cover,,,,,,,,,
19. PAVC - Pay any Visa credit card,,,,,,,,,
20. PAYC - Pay to Contact,,,,,,,,,
