Name :- ADTPL O&M EXPENSES SUB A/C,,,,,,,,,,
Joint Holder :- -,,,,,,,,,,
"#1259, LAKSHMI TOWERS, ROAD NO.36",,,,,,,,,,
JUBILEE HILLS,,,,,,,,,,
HYDERABAD-500033,,,,,,,,,,
ANDHRA PRADESH-INDIA,,,,,,,,,,
Customer ID :- 832923777,,,,,,,,,,
IFSC Code :- UTIB0001394,,,,,,,,,,
MICR Code :- 400211088,,,,,,,,,,
Nominee Registered :- N                                                                                                   ,,,,,,,,,,
CKYC NUMBER :- XXXXXXXXXX0140,,,,,,,,,,
Statement of Account No - 921020050855544 for the period (From : 01-01-2025 To : 22-01-2025),,,,,,,,,,
"	",,,,,,,,,,
,Tran Date,Value Date,CHQNO,Transaction Particulars, Amount(INR),DR|CR,Balance(INR),Branch Name,,
,06-01-2025,06-01-2025,-,O&M EXPENSES_9414259,            158509.00,CR,           795773.00,CBB MUMBAI,,
,06-01-2025,06-01-2025,-,NEFT/EA/AXOEA00620613881/Goteti Laskhmi Narayan Mu/ICICI BANK LIMITED/O M EXPENSES 9414259/////,              3635.00,DR,           792138.00,CBB MUMBAI,,
,06-01-2025,06-01-2025,-,NEFT/EA/AXOEA00620615656/Sandeep Kumar Verma/BANK OF BARODA/O M EXPENSES 9414259/////,              3895.00,DR,           788243.00,CBB MUMBAI,,
,06-01-2025,06-01-2025,-,NEFT/EA/AXOEA00620615606/the work Bharti Airtel Lt/CITI BANK/O M EXPENSES 9414259/////,             51300.00,DR,           736943.00,CBB MUMBAI,,
,06-01-2025,06-01-2025,-,NEFT/EA/AXOEA00620615590/National Insurance Compan/KOTAK MAHINDRA BANK /O M EXPENSES 9414259/////,             39171.00,DR,           697772.00,CBB MUMBAI,,
,06-01-2025,06-01-2025,-,NEFT/EA/AXOEA00620615640/Sri Balaji Associates/ICICI BANK LIMITED/O M EXPENSES 9414259/////,             60508.00,DR,           637264.00,CBB MUMBAI,,
,08-01-2025,08-01-2025,-,O&M EXPENSES 10075202,            120085.00,CR,           757349.00,CBB MUMBAI,,
,08-01-2025,08-01-2025,-,NEFT/EA/AXOEA00836859489/NHAI INDALWAI FEE PLAZA/CANARA BANK/ATHAANG DICHPALLY TOLLWAY PRI,            120085.00,DR,           637264.00,CBB MUMBAI,,
,09-01-2025,09-01-2025,-,O&M EXPENSES 10097058,          11051407.00,CR,         11688671.00,CBB MUMBAI,,
,09-01-2025,09-01-2025,-,O&M Exps. O&M_10097058,            215760.00,DR,         11472911.00,CBB MUMBAI,,
,09-01-2025,09-01-2025,-,NEFT/EA/AXOEA00943125462/Anjali Mohit Sharma/ICICI BANK LIMITED/ATHAANG DICHPALLY TOLLWAY PRI,              1038.00,DR,         11471873.00,CBB MUMBAI,,
,09-01-2025,09-01-2025,-,RTGS/EA/UTIBR62025010993214338/Athaang Infrastruct/ICICI BANK LIMITED/ATHAANG DICHPALLY TOLLWAY PRI,           9444666.00,DR,          2027207.00,CBB MUMBAI,,
,09-01-2025,09-01-2025,-,NEFT/EA/AXOEA00943127381/Benchmark Computer Soluti/BHARAT COOPERATIVE B/ATHAANG DICHPALLY TOLLWAY P,              6496.00,DR,          2020711.00,CBB MUMBAI,,
,09-01-2025,09-01-2025,-,NEFT/EA/AXOEA00943127355/Bharti Airtel Ltd/CITI BANK/ATHAANG DICHPALLY TOLLWAY PRI,             10721.00,DR,          2009990.00,CBB MUMBAI,,
,09-01-2025,09-01-2025,-,NEFT/EA/AXOEA00943125723/Billa Purushotham/STATE BANK OF INDIA/ATHAANG DICHPALLY TOLLWAY PRI,              6860.00,DR,          2003130.00,CBB MUMBAI,,
,09-01-2025,09-01-2025,-,RTGS/EA/UTIBR62025010993214364/Metro Infrasys Priv/HDFC BANK/ATHAANG DICHPALLY TOLLWAY PRI,            580000.00,DR,          1423130.00,CBB MUMBAI,,
,09-01-2025,09-01-2025,-,NEFT/EA/AXOEA00943127470/National Pest Control Ser/STATE BANK OF INDIA/ATHAANG DICHPALLY TOLLWAY PR,              7605.00,DR,          1415525.00,CBB MUMBAI,,
,09-01-2025,09-01-2025,-,NEFT/EA/AXOEA00943125787/Chalapathi Rao Challapali/ICICI BANK LIMITED/ATHAANG DICHPALLY TOLLWAY PRI,             16999.00,DR,          1398526.00,CBB MUMBAI,,
,09-01-2025,09-01-2025,-,NEFT/EA/AXOEA00943125828/Protiviti India Member Pr/CITI BANK/ATHAANG DICHPALLY TOLLWAY PRI,             16972.00,DR,          1381554.00,CBB MUMBAI,,
,09-01-2025,09-01-2025,-,RTGS/EA/UTIBR62025010993214393/Suguna Industries P/HDFC BANK/ATHAANG DICHPALLY TOLLWAY PRI,            739092.00,DR,           642462.00,CBB MUMBAI,,
,09-01-2025,09-01-2025,-,NEFT/EA/AXOEA00943125873/Naresh Kumar Acharya/UNION BANK OF INDIA/ATHAANG DICHPALLY TOLLWAY PRI,              3750.00,DR,           638712.00,CBB MUMBAI,,
,09-01-2025,09-01-2025,-,NEFT/EA/AXOEA00943125936/Sandeep Kumar Verma/BANK OF BARODA/ATHAANG DICHPALLY TOLLWAY PRI,              1448.00,DR,           637264.00,CBB MUMBAI,,
,16-01-2025,16-01-2025,-,"O AND M EXP_10222607
",           1541827.00,CR,          2179091.00,CBB MUMBAI,,
,16-01-2025,16-01-2025,-,"NEFT/EA/AXOEA01691854758/Aao Ero Kamareddy rural/STATE BANK OF INDIA/O AND M EXP 10222607
/////",            196198.00,DR,          1982893.00,CBB MUMBAI,,
,16-01-2025,16-01-2025,-,RTGS/EA/UTIBR62025011694289922/Plaza Electricity B/STATE BANK OF INDIA/O AND M EXP 10222607 /////,            212808.00,DR,          1770085.00,CBB MUMBAI,,
,16-01-2025,16-01-2025,-,"NEFT/EA/AXOEA01691854774/Aao Sub ero Tsnpdcl Perki/STATE BANK OF INDIA/O AND M EXP 10222607
/////",             49241.00,DR,          1720844.00,CBB MUMBAI,,
,16-01-2025,16-01-2025,-,RTGS/EA/UTIBR62025011694289927/Aao Ero Rural Nizam/STATE BANK OF INDIA/O AND M EXP 10222607 /////,            419479.00,DR,          1301365.00,CBB MUMBAI,,
,16-01-2025,16-01-2025,-,RTGS/EA/UTIBR62025011694288886/Nhai pd kamareddy/CANARA BANK/O AND M EXP 10222607/////,            664101.00,DR,           637264.00,CBB MUMBAI,,
,16-01-2025,16-01-2025,-,o and m exp_10234136,            225000.00,CR,           862264.00,CBB MUMBAI,,
,16-01-2025,16-01-2025,-,RTGS/EA/UTIBR62025011694414838/Dinesh Kumar Singh/YES BANK/ATHAANG DICHPALLY TOLLWAY////,            225000.00,DR,           637264.00,CBB MUMBAI,,
,18-01-2025,18-01-2025,-,O&M EXPENSES 10272466,           3776234.00,CR,          4413498.00,CBB MUMBAI,,
,18-01-2025,18-01-2025,-,NEFT/EA/AXOEA01805934306/PAWAR ARUN KUMAR/CANARA BANK/ATHAANG DICHPALLY TOLLWAY PRI,             85800.00,DR,          4327698.00,CBB MUMBAI,,
,18-01-2025,18-01-2025,-,NEFT/EA/AXOEA01806155074/BENCHMARK COMPUTER SOLUTI/BHARAT COOPERATIVE B/ATHAANG DICHPALLY TOLLWAY P,              2895.00,DR,          4324803.00,CBB MUMBAI,,
,18-01-2025,18-01-2025,-,NEFT/EA/AXOEA01806155389/Bharti Airtel Ltd/HDFC BANK/ATHAANG DICHPALLY TOLLWAY PRI,              2156.00,DR,          4322647.00,CBB MUMBAI,,
,18-01-2025,18-01-2025,-,NEFT/EA/AXOEA01806157288/Bharti Airtel Ltd/CITI BANK/ATHAANG DICHPALLY TOLLWAY PRI,             10716.00,DR,          4311931.00,CBB MUMBAI,,
,18-01-2025,18-01-2025,-,NEFT/EA/AXOEA01806155146/Gurrapu Tukaram/UNION BANK OF INDIA/ATHAANG DICHPALLY TOLLWAY PRI,              5610.00,DR,          4306321.00,CBB MUMBAI,,
,18-01-2025,18-01-2025,-,NEFT/EA/AXOEA01806157429/Nhai Indalwai Fee Plaza/CANARA BANK/ATHAANG DICHPALLY TOLLWAY PRI,            144945.00,DR,          4161376.00,CBB MUMBAI,,
,18-01-2025,18-01-2025,-,NEFT/EA/AXOEA01806157439/Rsm astute Consulting Pvt/HDFC BANK/ATHAANG DICHPALLY TOLLWAY PRI,             21600.00,DR,          4139776.00,CBB MUMBAI,,
,18-01-2025,18-01-2025,-,NEFT/EA/AXOEA01806157422/Pawar Arun Kumar/CANARA BANK/ATHAANG DICHPALLY TOLLWAY PRI,              1532.00,DR,          4138244.00,CBB MUMBAI,,
,18-01-2025,18-01-2025,-,NEFT/EA/AXOEA01806157609/Chalapathi Rao Challapali/ICICI BANK LIMITED/ATHAANG DICHPALLY TOLLWAY PRI,             13628.00,DR,          4124616.00,CBB MUMBAI,,
,18-01-2025,18-01-2025,-,NEFT/EA/AXOEA01806159592/Satish P/STATE BANK OF INDIA/ATHAANG DICHPALLY TOLLWAY PRI,              6130.00,DR,          4118486.00,CBB MUMBAI,,
,18-01-2025,18-01-2025,-,NEFT/EA/AXOEA01806155552/Hyderabad Test Labs And E/ICICI BANK LIMITED/ATHAANG DICHPALLY TOLLWAY PRI,             93701.00,DR,          4024785.00,CBB MUMBAI,,
,18-01-2025,18-01-2025,-,NEFT/EA/AXOEA01806159808/Jagat Pran Service Statio/UNION BANK OF INDIA/ATHAANG DICHPALLY TOLLWAY PR,            116931.00,DR,          3907854.00,CBB MUMBAI,,
,18-01-2025,18-01-2025,-,RTGS/EA/UTIBR62025011894740353/Fairways Toll And S/UNION BANK OF INDIA/ATHAANG DICHPALLY TOLLWAY PR,           3231091.00,DR,           676763.00,CBB MUMBAI,,
,18-01-2025,18-01-2025,-,NEFT/EA/AXOEA01806157697/Goteti Laskhmi Narayan Mu/ICICI BANK LIMITED/ATHAANG DICHPALLY TOLLWAY PRI,              1742.00,DR,           675021.00,CBB MUMBAI,,
,18-01-2025,18-01-2025,-,NEFT/EA/AXOEA01806159912/Lahari Arcade/STATE BANK OF INDIA/ATHAANG DICHPALLY TOLLWAY PRI,              2657.00,DR,           672364.00,CBB MUMBAI,,
,18-01-2025,18-01-2025,-,NEFT/EA/AXOEA01806159975/Reliance Jio Infocomm Lim/YES BANK/ATHAANG DICHPALLY TOLLWAY PRI,             35100.00,DR,           637264.00,CBB MUMBAI,,
,21-01-2025,21-01-2025,-,O&M EXPENSES 10317953,                 1.00,DR,           637263.00,NIZAMABAD,,
,21-01-2025,21-01-2025,-,O&M EXPENSES 10318044,            126070.00,CR,           763333.00,CBB MUMBAI,,
,21-01-2025,21-01-2025,-,NEFT/EA/AXOEA02126102500/NHAI INDALWAI FEE PLAZA/CANARA BANK/ATHAANG DICHPALLY TOLLWAY PRI,            126070.00,DR,           637263.00,CBB MUMBAI,,
"	",,,,,,,,,,
"Unless the constituent notifies the bank immediately of any discrepancy found by him/her in this statement of Account, it will be taken that he/she has found the account correct.",,,,,,,,,,
"The closing balance as shown/displayed includes not only the credit balance and / or overdraft limit, but also funds which are under clearing. It excludes the amount marked as lien, if any. Hence the closing balance displayed may not be the effective available balance. For any further clarifications, please contact the Branch.",,,,,,,,,,
"We would like to reiterate that, as a policy, Axis Bank does not ask you to part with/disclose/revalidate of your iConnect passord,login id and debit card number through emails OR phone call Further,we would like to reiterate that Axis Bank shall not be liable for any losses arising from you sharing/disclosing of your login id, password and debit card number to anyone. Please co-operate by forwarding all such suspicious/spam emails, if received by you, to customer.service@axisbank.com",,,,,,,,,,
"With effect from 1st August 2016, the replacement charges for Debit card and ATM card applicable on Current accounts have been revised. To know more about the applicable charges,please visit www.axisbank.com",,,,,,,,,,
"Deposit Insurance and Credit Guarantee Corporation (DICGC) insurance cover is applicable in all Bank's deposits, such as savings, current, fixed, recurring etc.* up to maximum amount of Rs 5 Lakh including principal &interest both* (*for exceptions and details please refer http://www.dicgc.org.in/ )",,,,,,,,,,
"In compliance with regulatory guidelines, the non-CTS cheque books attached to the accounts would be destroyed in banks core banking System. Thus, Non CTS cheques will not be valid for CASH, Clearing and Transfer transactions",,,,,,,,,,
"REGISTERED OFFICE - AXIS BANK LTD,TRISHUL,Opp. Samartheswar Temple, Near Law Garden, Ellisbridge,    Ahmedabad . 380006.This is a system generated output and requires no signature.",,,,,,,,,,
"BRANCH ADDRESS - AXIS BANK LTD, CBB MUMBAI, A WING, 1ST FLOOR, 12, MIITTAL TOWER, FREE PRESS JOURNAL MARG,  NARIMAN POINT,  400021,  MUMBAI,  MAHARASHTRA, INDIA, TEL:022-22895100  FAX:22895216",,,,,,,,,,
"	",,,,,,,,,,
Legend :,,,,,,,,,,
"ICONN			-			Transaction trough Internet Banking",,,,,,,,,,
"VMT-ICON		-			Visa Money Transfer through Internet Banking",,,,,,,,,,
"AUTOSWEEP 		-			Transfer to linked fixed deposit",,,,,,,,,,
"REV SWEEP 		-			Interest on Linked fixed Deposit",,,,,,,,,,
"SWEEP TRF		-			Transfer from Linked Fixed Deposit / Account",,,,,,,,,,
"VMT				-			Visa Money Transfer through ATM",,,,,,,,,,
"CWDR			-			Cash Withdrawal through ATM",,,,,,,,,,
"PUR				-			POS purchase",,,,,,,,,,
"TIP/ SCG		-			Surcharge on usage of debit card at pumps/railway ticket purchase or hotel tips",,,,,,,,,,
"RATE.DIFF		-			Difference in rates on usage of card internationally",,,,,,,,,,
"CLG			-			Cheque Clearing Transaction",,,,,,,,,,
"EDC			-			Credit transaction through EDC Machine",,,,,,,,,,
"SETU			-			Seamless electronic fund transfer through AXIS Bank",,,,,,,,,,
"Int.pd			-			Interest paid to customer",,,,,,,,,,
"Int.Coll		-			Interest collected from the customer",,,,,,,,,,
"BRN			-  			Branch",,,,,,,,,,
"INB			-  			Internet banking",,,,,,,,,,
"CLG			-			Clearing",,,,,,,,,,
"PUR			-			Purchase",,,,,,,,,,
"LDG			-			Lodge",,,,,,,,,,
"RLZ			-			Realise",,,,,,,,,,
"DLK			-			Delink",,,,,,,,,,
"DHR			-			Dishonour",,,,,,,,,,
"REC			-			Recovery",,,,,,,,,,
"TFR			-			Transfer",,,,,,,,,,
"HCY			-			Home Currency Advance",,,,,,,,,,
"INT			-			Interest Run",,,,,,,,,,
"BKNG			-			Booking",,,,,,,,,,
"CNCL			-			Cancellation",,,,,,,,,,
"ISSUE			-			Issuance",,,,,,,,,,
"AMEND			-			Amendment",,,,,,,,,,
"OW RTN			-			Outward Return",,,,,,,,,,
"Ln				-			Loan",,,,,,,,,,
"TD 			- 			Term Deposit",,,,,,,,,,
"SI 			-			Standing Instruction",,,,,,,,,,
"FWC 			-			Forward Contract",,,,,,,,,,
"MMT 			-			Master Card money transfer through ATM",,,,,,,,,,
"LMS 			-			Liquidity Management Solution",,,,,,,,,,
