Account Number               :,_00000041901386643,,,,,,
Description                  :,CA-REGULAR-PUB-OTH-ALL-INR,,,,,,
Name                         :,KASHI TOLLWAY PRIVATE LIMITED                               ,,,,,,
Currency                     :,INR,,,,,,
Corporate Address            :,"SHOP NO.206-207, PLOT NO.BUILDING H-2 APRA NORTH EX PL",,,,,,
                              ,"ZA, NETAJI SUBHASH PLAC PITAMPURA, SHAKURBASTI , DELHI",,,,,,
                              ,North West,,,,,,
                              ,07-110034,,,,,,
Branch                       :,"IND FINANCE BRANCH, MUMBAI(08965)",,,,,,
Rate of Interest (% p.a.)    :,0.00%,,,,,,
IFS Code                     :,SBIN0008965,,,,,,
Book Balance                 :,310584.47,,,,,,
Available Balance            :,310584.47,,,,,,
Hold Value                   :,0,,,,,,
MOD Balance             :,0,,,,,,
Uncleared Amount             :,0,,,,,,
Balance on 1 Jan 2025        :,"3,10,761.47",,,,,,
Start Date                   :,01-Jan-25,,,,,,
End Date                     :,23-Jan-25,,,,,,
Txn Date,Value Date,Description,Ref No./Cheque No.,Branch Code,        Debit,Credit,Balance
02-01-2025,02-01-2025,   BY TRANSFER-KASHI TOLLWAY PVT LTD--,TRANSFER FROM 41779105151                         KASHI TOLLWAY PRIVATE / ,8965, ,86810,397571.47
02-01-2025,02-01-2025,   TO TRANSFER-NEFT UTR NO: SBIN325002825828--NATIONAL HIGHWAY AUTHORITY,TRANSFER TO 4697156044308 / NATIONAL HIGHWAY AUTHORITY,8965,86814.72, ,310756.75
03-01-2025,03-01-2025,   BY TRANSFER-TRF BY KASHI TOLLWAY LTD--,TRANSFER FROM 41779105151                         KASHI TOLLWAY PRIVATE / ,8965, ,500000,810756.75
03-01-2025,03-01-2025,   BY TRANSFER-TRF BY KASHI TOLLWAY PVT LTD--,TRANSFER FROM 41779105151                         KASHI TOLLWAY PRIVATE / ,8965, ,2462387,3273143.75
03-01-2025,03-01-2025,   TO TRANSFER-TRF BY KASHI TOLLWAY PVT LTD--,TRANSFER TO 33119713301                           Mr. SANGAM  LAL / ,8965,825, ,3272318.75
03-01-2025,03-01-2025,   TO TRANSFER-TRF BY KASHI TOLLWAY--,TRANSFER TO 40966437251                           Mr. Ravi Prakash Gupta / ,8965,1933, ,3270385.75
03-01-2025,03-01-2025,   TO TRANSFER-NEFT UTR NO: SBIN525003518656--ELSAMEX MAINTENANCE SERVICES,TRANSFER TO 4697161044302 / ELSAMEX MAINTENANCE SERVICES,8965,500023.6, ,2770362.15
03-01-2025,03-01-2025,   TO TRANSFER-NEFT UTR NO: SBIN525003559073--UNIGLOBE MOD TRAVELS,TRANSFER TO 4697164044309 / UNIGLOBE MOD TRAVELS,8965,41767.72, ,2728594.43
03-01-2025,03-01-2025,   TO TRANSFER-NEFT UTR NO: SBIN525003561966--PARA SECURITIES AND HR SERVICES,TRANSFER TO 4697160044302 / PARA SECURITIES AND HR SERVICES,8965,32401.72, ,2696192.71
03-01-2025,03-01-2025,   TO TRANSFER-NEFT UTR NO: SBIN525003564750--NOVODAY SINGAGE WORKS,TRANSFER TO 4697159044305 / NOVODAY SINGAGE WORKS,8965,9914.36, ,2686278.35
03-01-2025,03-01-2025,   TO TRANSFER-NEFT UTR NO: SBIN525003566114--NARENDRA MISHRA,TRANSFER TO 4697154044300 / NARENDRA MISHRA,8965,2774.36, ,2683503.99
03-01-2025,03-01-2025,   TO TRANSFER-NEFT UTR NO: SBIN525003566834--ELSAMEX MAINTENANCE,TRANSFER TO 4899157044304 / ELSAMEX MAINTENANCE,8965,2358973.6, ,324530.39
03-01-2025,03-01-2025,   TO TRANSFER-NEFT UTR NO: SBIN525003567338--AMBER SHRIVASTAVA,TRANSFER TO 4697161044302 / AMBER SHRIVASTAVA,8965,827.36, ,323703.03
03-01-2025,03-01-2025,   TO TRANSFER-NEFT UTR NO: SBIN525003611217--VISHVJEET SINGH,TRANSFER TO 4697161044302 / VISHVJEET SINGH,8965,2212.36, ,321490.67
03-01-2025,03-01-2025,   TO TRANSFER-NEFT UTR NO: SBIN525003612191--SANDIP SHAH AND CO,TRANSFER TO 4697162044301 / SANDIP SHAH AND CO,8965,10804.72, ,310685.95
08-01-2025,08-01-2025,   BY TRANSFER-AMT TRFD AS PER REQ FROM KASHI TOLLWAY--,TRANSFER FROM 41779105151                         KASHI TOLLWAY PRIVATE / ,8965, ,101790,412475.95
08-01-2025,08-01-2025,   TO TRANSFER-NEFT UTR NO: SBIN225008482484--NATIONAL HIGHWAY AUTHORITY OF INDI,TRANSFER TO 4697158044306 / NATIONAL HIGHWAY AUTHORITY OF INDI,8965,101804.16, ,310671.79
10-01-2025,10-01-2025,   BY TRANSFER-AMT TRFD AS PER REQ FROM KASHI TOLLWAY--,TRANSFER FROM 41779105151                         KASHI TOLLWAY PRIVATE / ,8965, ,425626,736297.79
10-01-2025,10-01-2025,   BY TRANSFER-AMT TRFD AS PER REQ FROM KASHI TOLLWAY--,TRANSFER FROM 41779105151                         KASHI TOLLWAY PRIVATE / ,8965, ,43092,779389.79
10-01-2025,10-01-2025,   TO TRANSFER-AMT TRFD AS PER REQ FROM KASHI TOLLWAY--,TRANSFER TO 39078102142                           GEOGREEN TESTING LABOR / ,8965,34830, ,744559.79
10-01-2025,10-01-2025,   TO TRANSFER-NEFT UTR NO: SBIN525010975998--EDD II BDADOHI GYANPUR REVENUE AC,TRANSFER TO 4697157044307 / EDD II BDADOHI GYANPUR REVENUE AC,8965,228141.6, ,516418.19
10-01-2025,10-01-2025,   TO TRANSFER-NEFT UTR NO: SBIN525010978608--GYAN AND SONS ENTERPRISES,TRANSFER TO 4899157044304 / GYAN AND SONS ENTERPRISES,8965,62404.72, ,454013.47
10-01-2025,10-01-2025,   TO TRANSFER-NEFT UTR NO: SBIN525010978723--BHAVYA HIGHWAY SERVICE,TRANSFER TO 3199302044302 / BHAVYA HIGHWAY SERVICE,8965,17662.72, ,436350.75
10-01-2025,10-01-2025,   TO TRANSFER-NEFT UTR NO: SBIN525010978859--PRICE WATERHOUSE AND CO LLP,TRANSFER TO 4697158044306 / PRICE WATERHOUSE AND CO LLP,8965,82624.72, ,353726.03
10-01-2025,10-01-2025,   TO TRANSFER-NEFT UTR NO: SBIN525010986062--SIYA RAM,TRANSFER TO 4697156044308 / SIYA RAM,8965,5002.36, ,348723.67
10-01-2025,10-01-2025,   TO TRANSFER-NEFT UTR NO: SBIN525010988073--RAKESH RANJAN,TRANSFER TO 3197942044308 / RAKESH RANJAN,8965,4243.36, ,344480.31
10-01-2025,10-01-2025,   TO TRANSFER-NEFT UTR NO: SBIN525010988206--TANMAYA MOHANTY,TRANSFER TO 3197945044305 / TANMAYA MOHANTY,8965,706.36, ,343773.95
10-01-2025,10-01-2025,   TO TRANSFER-NEFT UTR NO: SBIN525010988701--SANDEEP SOHANI,TRANSFER TO 4697157044307 / SANDEEP SOHANI,8965,1746.36, ,342027.59
10-01-2025,10-01-2025,   TO TRANSFER-NEFT UTR NO: SBIN525010992057--PROTIVITI INDIA MEMBER PRIVATE LIMI,TRANSFER TO 4697161044302 / PROTIVITI INDIA MEMBER PRIVATE LIMI,8965,16976.72, ,325050.87
10-01-2025,10-01-2025,   TO TRANSFER-NEFT UTR NO: SBIN525010992240--UNIGLOBE MOD TRAVELS PVT LTD,TRANSFER TO 3197942044308 / UNIGLOBE MOD TRAVELS PVT LTD,8965,14435.72, ,310615.15
17-01-2025,17-01-2025,   BY TRANSFER-AMT TRF--,TRANSFER FROM 41779105151                         KASHI TOLLWAY PRIVATE / ,8965, ,201317,511932.15
17-01-2025,17-01-2025,   TO TRANSFER-NEFT UTR NO: SBIN325017590203--RELIANCE JIO INFOCOMM LTD,TRANSFER TO 4697153044301 / RELIANCE JIO INFOCOMM LTD,8965,34784.72, ,477147.43
17-01-2025,17-01-2025,   TO TRANSFER-NEFT UTR NO: SBIN325017603533--DINESH KUMAR MAURYA,TRANSFER TO 3197945044305 / DINESH KUMAR MAURYA,8965,827.36, ,476320.07
17-01-2025,17-01-2025,   TO TRANSFER-NEFT UTR NO: SBIN325017603717--RSMASTUTE CONSULTING PVT LTD,TRANSFER TO 4697155044309 / RSMASTUTE CONSULTING PVT LTD,8965,21604.72, ,454715.35
17-01-2025,17-01-2025,   TO TRANSFER-NEFT UTR NO: SBIN325017605691--NATIONAL HIGHWAY AUTHORITY OF INDIA,TRANSFER TO 4697153044301 / NATIONAL HIGHWAY AUTHORITY OF INDIA,8965,101094.16, ,353621.19
18-01-2025,18-01-2025,   TO TRANSFER-NEFT UTR NO: SBIN425018096153--TRILOCHAN STEEL FURNITURE,TRANSFER TO 3197945044305 / TRILOCHAN STEEL FURNITURE,8965,43036.72, ,310584.47
,,,,,,,
**This is a computer generated statement and does not require a signature,,,,,,,
